,State,Soil,Crop,Variety,Season,Available-N(kg/ha),Available-P(kg/ha),Available-K(kg/ha),Required-N(kg/ha),Required-P(kg/ha),Required-K(kg/ha),Yeild(q/ha)
0,Andhra Pradesh,0,Rice,Mashuri,Kharif,150,5,150,115,144,52,50
1,Andhra Pradesh,0,Rice,Mashuri,Kharif,150,5,150,133,144,60,55
2,Andhra Pradesh,0,Rice,Mashuri,Kharif,175,10,200,102,128,42,50
3,Andhra Pradesh,0,Rice,Mashuri,Kharif,175,10,200,121,128,50,55
4,Andhra Pradesh,0,Rice,Mashuri,Kharif,200,15,250,90,112,33,50
5,Andhra Pradesh,0,Rice,Mashuri,Kharif,200,15,250,108,112,40,55
6,Andhra Pradesh,0,Rice,Mashuri,Kharif,225,20,300,77,96,23,50
7,Andhra Pradesh,0,Rice,Mashuri,Kharif,225,20,300,96,96,31,55
8,Andhra Pradesh,0,Rice,Mashuri,Kharif,250,25,350,65,80,14,50
9,Andhra Pradesh,0,Rice,Mashuri,Kharif,250,25,350,83,80,22,55
10,Andhra Pradesh,0,Rice,Mashuri,Kharif,275,30,400,52,64,4,50
11,Andhra Pradesh,0,Rice,Mashuri,Kharif,275,30,400,71,65,12,55
12,Andhra Pradesh,0,Rice,Mashuri,Kharif,300,35,450,40,49,3,50
13,Andhra Pradesh,0,Rice,Mashuri,Kharif,300,35,450,58,49,10,55
14,Andhra Pradesh,0,Rice,Mashuri,Kharif,325,40,500,27,33,2,50
15,Andhra Pradesh,0,Rice,Mashuri,Kharif,325,40,500,46,33,10,55
16,Andhra Pradesh,0,Rice,Mashuri,Kharif,350,45,550,14,17,2,50
17,Andhra Pradesh,0,Rice,Mashuri,Kharif,350,45,550,33,17,10,55
18,Andhra Pradesh,0,Rice,Mashuri,Kharif,375,50,600,2,15,2,50
19,Andhra Pradesh,0,Rice,Mashuri,Kharif,375,50,600,21,15,10,55
20,Andhra Pradesh,0,Rice,Mashuri,Kharif,400,55,650,0,15,2,50
21,Andhra Pradesh,0,Rice,Mashuri,Kharif,400,55,650,8,15,10,55
22,Andhra Pradesh,1,Rice,Pothana,Kharif,150,5,100,123,87,112,50
23,Andhra Pradesh,1,Rice,Pothana,Kharif,150,5,100,161,107,142,60
24,Andhra Pradesh,1,Rice,Pothana,Kharif,175,10,150,112,77,94,50
25,Andhra Pradesh,1,Rice,Pothana,Kharif,175,10,150,150,96,124,60
26,Andhra Pradesh,1,Rice,Pothana,Kharif,200,15,200,101,66,76,50
27,Andhra Pradesh,1,Rice,Pothana,Kharif,200,15,200,139,86,106,60
28,Andhra Pradesh,1,Rice,Pothana,Kharif,225,20,250,90,55,58,50
29,Andhra Pradesh,1,Rice,Pothana,Kharif,225,20,250,128,75,88,60
30,Andhra Pradesh,1,Rice,Pothana,Kharif,250,25,300,79,45,40,50
31,Andhra Pradesh,1,Rice,Pothana,Kharif,250,25,300,114,65,70,60
32,Andhra Pradesh,1,Rice,Pothana,Kharif,275,30,350,68,34,22,50
33,Andhra Pradesh,1,Rice,Pothana,Kharif,275,30,350,106,54,52,60
34,Andhra Pradesh,1,Rice,Pothana,Kharif,300,35,400,57,23,4,50
35,Andhra Pradesh,1,Rice,Pothana,Kharif,300,35,400,95,44,34,60
36,Andhra Pradesh,1,Rice,Pothana,Kharif,325,40,450,46,13,2,50
37,Andhra Pradesh,1,Rice,Pothana,Kharif,325,40,450,84,33,16,60
38,Andhra Pradesh,1,Rice,Pothana,Kharif,350,45,500,35,12,2,50
39,Andhra Pradesh,1,Rice,Pothana,Kharif,350,45,500,73,23,15,60
40,Andhra Pradesh,1,Rice,Pothana,Kharif,375,50,550,24,12,2,50
41,Andhra Pradesh,1,Rice,Pothana,Kharif,375,50,550,62,12,15,60
42,Andhra Pradesh,1,Rice,Pothana,Kharif,400,55,600,13,12,2,50
43,Andhra Pradesh,1,Rice,Pothana,Kharif,400,55,600,51,2,15,60
44,Andhra Pradesh,2,Rice,MTU02067,Kharif,200,10,200,63,86,71,55
45,Andhra Pradesh,2,Rice,MTU02067,Kharif,200,10,200,74,96,82,60
46,Andhra Pradesh,2,Rice,MTU02067,Kharif,225,15,250,55,77,57,55
47,Andhra Pradesh,2,Rice,MTU02067,Kharif,225,15,250,66,86,69,60
48,Andhra Pradesh,2,Rice,MTU02067,Kharif,250,20,300,47,67,44,55
49,Andhra Pradesh,2,Rice,MTU02067,Kharif,250,20,300,58,77,55,60
50,Andhra Pradesh,2,Rice,MTU02067,Kharif,275,25,350,39,58,30,55
51,Andhra Pradesh,2,Rice,MTU02067,Kharif,275,25,350,50,67,42,60
52,Andhra Pradesh,2,Rice,MTU02067,Kharif,300,30,400,31,48,17,55
53,Andhra Pradesh,2,Rice,MTU02067,Kharif,300,30,400,42,58,28,60
54,Andhra Pradesh,2,Rice,MTU02067,Kharif,325,35,450,23,39,3,55
55,Andhra Pradesh,2,Rice,MTU02067,Kharif,325,35,450,34,48,15,60
56,Andhra Pradesh,2,Rice,MTU02067,Kharif,350,40,500,15,29,2,55
57,Andhra Pradesh,2,Rice,MTU02067,Kharif,350,40,500,26,39,15,60
58,Andhra Pradesh,2,Rice,MTU02067,Kharif,375,45,550,15,20,2,55
59,Andhra Pradesh,2,Rice,MTU02067,Kharif,375,45,550,18,29,15,60
60,Andhra Pradesh,2,Rice,MTU02067,Kharif,400,50,600,15,10,2,55
61,Andhra Pradesh,2,Rice,MTU02067,Kharif,400,50,600,10,20,15,60
62,Andhra Pradesh,2,Rice,MTU02067,Kharif,425,55,650,15,10,2,55
63,Andhra Pradesh,2,Rice,MTU02067,Kharif,425,55,650,2,10,15,60
64,Andhra Pradesh,2,Rice,MTU02067,Kharif,450,60,700,15,10,2,55
65,Andhra Pradesh,2,Rice,MTU02067,Kharif,450,60,700,2,10,15,60
66,Andhra Pradesh,0,Rice,MTU05182,Kharif,150,10,200,152,106,50,60
67,Andhra Pradesh,0,Rice,MTU05182,Kharif,150,10,200,185,131,63,70
68,Andhra Pradesh,0,Rice,MTU05182,Kharif,175,15,250,143,83,44,60
69,Andhra Pradesh,0,Rice,MTU05182,Kharif,175,15,250,177,108,57,70
70,Andhra Pradesh,0,Rice,MTU05182,Kharif,200,20,300,135,61,38,60
71,Andhra Pradesh,0,Rice,MTU05182,Kharif,200,20,300,169,86,51,70
72,Andhra Pradesh,0,Rice,MTU05182,Kharif,225,25,350,127,38,32,60
73,Andhra Pradesh,0,Rice,MTU05182,Kharif,225,25,350,160,63,45,70
74,Andhra Pradesh,0,Rice,MTU05182,Kharif,250,30,400,119,15,26,60
75,Andhra Pradesh,0,Rice,MTU05182,Kharif,250,30,400,152,41,39,70
76,Andhra Pradesh,0,Rice,MTU05182,Kharif,275,35,450,110,15,20,60
77,Andhra Pradesh,0,Rice,MTU05182,Kharif,275,35,450,144,18,33,70
78,Andhra Pradesh,0,Rice,MTU05182,Kharif,300,40,500,102,15,14,60
79,Andhra Pradesh,0,Rice,MTU05182,Kharif,300,40,500,136,15,27,70
80,Andhra Pradesh,0,Rice,MTU05182,Kharif,325,45,550,94,15,8,60
81,Andhra Pradesh,0,Rice,MTU05182,Kharif,325,45,550,127,15,21,70
82,Andhra Pradesh,0,Rice,MTU05182,Kharif,350,50,600,86,15,2,60
83,Andhra Pradesh,0,Rice,MTU05182,Kharif,350,50,600,119,15,15,70
84,Andhra Pradesh,0,Rice,MTU05182,Kharif,375,55,650,77,15,2,60
85,Andhra Pradesh,0,Rice,MTU05182,Kharif,375,55,650,111,15,15,70
86,Andhra Pradesh,3,Rice,NLR09672,Kharif,150,10,150,101,93,55,45
87,Andhra Pradesh,3,Rice,NLR09672,Kharif,150,10,150,118,105,65,50
88,Andhra Pradesh,3,Rice,NLR09672,Kharif,175,15,200,91,82,45,45
89,Andhra Pradesh,3,Rice,NLR09672,Kharif,175,15,200,109,95,55,50
90,Andhra Pradesh,3,Rice,NLR09672,Kharif,200,20,250,82,71,35,45
91,Andhra Pradesh,3,Rice,NLR09672,Kharif,200,20,250,100,84,45,50
92,Andhra Pradesh,3,Rice,NLR09672,Kharif,225,25,300,73,61,25,45
93,Andhra Pradesh,3,Rice,NLR09672,Kharif,225,25,300,90,74,35,50
94,Andhra Pradesh,3,Rice,NLR09672,Kharif,250,30,350,64,50,15,45
95,Andhra Pradesh,3,Rice,NLR09672,Kharif,250,30,350,81,63,25,50
96,Andhra Pradesh,3,Rice,NLR09672,Kharif,275,35,400,54,40,5,45
97,Andhra Pradesh,3,Rice,NLR09672,Kharif,275,35,400,72,52,15,50
98,Andhra Pradesh,3,Rice,NLR09672,Kharif,300,40,450,45,29,5,45
99,Andhra Pradesh,3,Rice,NLR09672,Kharif,300,40,450,63,42,5,50
100,Andhra Pradesh,3,Rice,NLR09672,Kharif,325,45,50,36,18,5,45
101,Andhra Pradesh,3,Rice,NLR09672,Kharif,325,45,50,53,31,5,50
102,Andhra Pradesh,3,Rice,NLR09672,Kharif,350,50,550,27,8,5,45
103,Andhra Pradesh,3,Rice,NLR09672,Kharif,350,50,550,44,20,5,50
104,Andhra Pradesh,4,Rice,Tellahamsa,Kharif,150,10,150,128,108,80,50
105,Andhra Pradesh,4,Rice,Tellahamsa,Kharif,150,10,150,149,122,91,55
106,Andhra Pradesh,4,Rice,Tellahamsa,Kharif,175,15,200,114,95,69,50
107,Andhra Pradesh,4,Rice,Tellahamsa,Kharif,175,15,200,135,108,80,55
108,Andhra Pradesh,4,Rice,Tellahamsa,Kharif,200,20,250,100,82,59,50
109,Andhra Pradesh,4,Rice,Tellahamsa,Kharif,200,20,250,121,94,70,55
110,Andhra Pradesh,4,Rice,Tellahamsa,Kharif,225,25,300,86,68,48,50
111,Andhra Pradesh,4,Rice,Tellahamsa,Kharif,225,25,300,108,81,59,55
112,Andhra Pradesh,4,Rice,Tellahamsa,Kharif,250,30,350,73,55,38,50
113,Andhra Pradesh,4,Rice,Tellahamsa,Kharif,250,30,350,94,67,49,55
114,Andhra Pradesh,4,Rice,Tellahamsa,Kharif,275,35,400,59,41,27,50
115,Andhra Pradesh,4,Rice,Tellahamsa,Kharif,275,35,400,80,53,38,55
116,Andhra Pradesh,4,Rice,Tellahamsa,Kharif,300,40,450,45,28,17,50
117,Andhra Pradesh,4,Rice,Tellahamsa,Kharif,300,40,450,66,39,28,55
118,Andhra Pradesh,4,Rice,Tellahamsa,Kharif,325,45,500,31,15,6,50
119,Andhra Pradesh,4,Rice,Tellahamsa,Kharif,325,45,500,53,26,17,55
120,Andhra Pradesh,4,Rice,Tellahamsa,Kharif,350,50,550,18,2,5,50
121,Andhra Pradesh,4,Rice,Tellahamsa,Kharif,350,50,550,39,12,7,55
122,Andhra Pradesh,4,Rice,Tellahamsa,Kharif,375,55,600,4,0,5,50
123,Andhra Pradesh,4,Rice,Tellahamsa,Kharif,375,55,600,25,10,7,55
124,Andhra Pradesh,4,Rice,Tellahamsa,Kharif,400,60,650,4,0,5,50
125,Andhra Pradesh,4,Rice,Tellahamsa,Kharif,400,60,650,12,10,7,55
126,Andhra Pradesh,0,Rice,Pothana,Kharif,150,10,150,125,96,77,50
127,Andhra Pradesh,0,Rice,Pothana,Kharif,150,10,150,149,109,87,55
128,Andhra Pradesh,0,Rice,Pothana,Kharif,175,15,200,106,75,70,50
129,Andhra Pradesh,0,Rice,Pothana,Kharif,175,15,200,130,88,79,55
130,Andhra Pradesh,0,Rice,Pothana,Kharif,200,20,250,88,54,62,50
131,Andhra Pradesh,0,Rice,Pothana,Kharif,200,20,250,111,67,72,55
132,Andhra Pradesh,0,Rice,Pothana,Kharif,225,25,300,69,33,55,50
133,Andhra Pradesh,0,Rice,Pothana,Kharif,225,25,300,93,46,64,55
134,Andhra Pradesh,0,Rice,Pothana,Kharif,250,30,350,50,12,48,50
135,Andhra Pradesh,0,Rice,Pothana,Kharif,250,30,350,74,25,57,55
136,Andhra Pradesh,0,Rice,Pothana,Kharif,275,35,400,31,10,40,50
137,Andhra Pradesh,0,Rice,Pothana,Kharif,275,35,400,55,4,49,55
138,Andhra Pradesh,0,Rice,Pothana,Kharif,300,40,450,12,10,33,50
139,Andhra Pradesh,0,Rice,Pothana,Kharif,300,40,450,36,2,42,55
140,Andhra Pradesh,0,Rice,Pothana,Kharif,325,45,500,10,10,25,50
141,Andhra Pradesh,0,Rice,Pothana,Kharif,325,45,500,17,2,34,55
142,Andhra Pradesh,0,Rice,Pothana,Kharif,350,50,550,10,10,18,50
143,Andhra Pradesh,0,Rice,Pothana,Kharif,350,50,550,15,2,27,55
144,Andhra Pradesh,0,Rice,Pothana,Kharif,375,55,600,10,10,10,50
145,Andhra Pradesh,0,Rice,Pothana,Kharif,375,55,600,15,2,19,55
146,Andhra Pradesh,0,Rice,Pothana,Kharif,400,60,650,10,10,3,50
147,Andhra Pradesh,0,Rice,Pothana,Kharif,400,60,650,15,2,12,55
148,Andhra Pradesh,0,Rice,Tellahamsa,Rabi,150,10,200,122,108,46,50
149,Andhra Pradesh,0,Rice,Tellahamsa,Rabi,150,10,200,150,131,60,55
150,Andhra Pradesh,0,Rice,Tellahamsa,Rabi,175,15,250,114,93,38,50
151,Andhra Pradesh,0,Rice,Tellahamsa,Rabi,175,15,250,142,116,51,55
152,Andhra Pradesh,0,Rice,Tellahamsa,Rabi,200,20,300,106,78,29,50
153,Andhra Pradesh,0,Rice,Tellahamsa,Rabi,200,20,300,134,101,43,55
154,Andhra Pradesh,0,Rice,Tellahamsa,Rabi,225,25,350,98,63,21,50
155,Andhra Pradesh,0,Rice,Tellahamsa,Rabi,225,25,350,126,86,34,55
156,Andhra Pradesh,0,Rice,Tellahamsa,Rabi,250,30,400,90,48,12,50
157,Andhra Pradesh,0,Rice,Tellahamsa,Rabi,250,30,400,118,71,26,55
158,Andhra Pradesh,0,Rice,Tellahamsa,Rabi,275,35,450,82,33,4,50
159,Andhra Pradesh,0,Rice,Tellahamsa,Rabi,275,35,450,110,56,17,55
160,Andhra Pradesh,0,Rice,Tellahamsa,Rabi,300,40,500,74,18,0,50
161,Andhra Pradesh,0,Rice,Tellahamsa,Rabi,300,40,500,102,41,8,55
162,Andhra Pradesh,0,Rice,Tellahamsa,Rabi,325,45,550,66,3,0,50
163,Andhra Pradesh,0,Rice,Tellahamsa,Rabi,325,45,550,94,26,0,55
164,Andhra Pradesh,0,Rice,Tellahamsa,Rabi,350,50,600,58,0,0,50
165,Andhra Pradesh,0,Rice,Tellahamsa,Rabi,350,50,600,86,11,0,55
166,Andhra Pradesh,5,Rice,NLR 33057,Rabi,150,10,150,127,75,74,45
167,Andhra Pradesh,5,Rice,NLR 33057,Rabi,150,10,150,150,85,86,50
168,Andhra Pradesh,5,Rice,NLR 33057,Rabi,175,15,200,115,65,64,45
169,Andhra Pradesh,5,Rice,NLR 33057,Rabi,175,15,200,137,75,76,50
170,Andhra Pradesh,5,Rice,NLR 33057,Rabi,200,20,250,102,54,53,45
171,Andhra Pradesh,5,Rice,NLR 33057,Rabi,200,20,250,125,65,65,50
172,Andhra Pradesh,5,Rice,NLR 33057,Rabi,225,25,300,89,44,43,45
173,Andhra Pradesh,5,Rice,NLR 33057,Rabi,225,25,300,112,55,55,50
174,Andhra Pradesh,5,Rice,NLR 33057,Rabi,250,30,350,76,34,32,45
175,Andhra Pradesh,5,Rice,NLR 33057,Rabi,250,30,350,99,44,44,50
176,Andhra Pradesh,5,Rice,NLR 33057,Rabi,275,35,400,64,23,22,45
177,Andhra Pradesh,5,Rice,NLR 33057,Rabi,275,35,400,86,34,34,50
178,Andhra Pradesh,5,Rice,NLR 33057,Rabi,300,40,450,51,13,12,45
179,Andhra Pradesh,5,Rice,NLR 33057,Rabi,300,40,450,74,24,23,50
180,Andhra Pradesh,5,Rice,NLR 33057,Rabi,325,45,50,38,3,2,45
181,Andhra Pradesh,5,Rice,NLR 33057,Rabi,325,45,50,61,13,13,50
182,Andhra Pradesh,5,Rice,NLR 33057,Rabi,350,50,550,25,2,2,45
183,Andhra Pradesh,5,Rice,NLR 33057,Rabi,350,50,550,48,3,2,50
184,Andhra Pradesh,5,Rice,NLR 33057,Rabi,375,55,600,12,2,2,45
185,Andhra Pradesh,5,Rice,NLR 33057,Rabi,375,55,600,35,2,2,50
186,Andhra Pradesh,5,Rice,NLR 33057,Rabi,400,60,650,12,2,2,45
187,Andhra Pradesh,5,Rice,NLR 33057,Rabi,400,60,650,35,2,2,50
188,Andhra Pradesh,2,Rice,IR064,Rabi,200,10,200,130,118,95,70
189,Andhra Pradesh,2,Rice,IR064,Rabi,200,10,200,156,138,115,80
190,Andhra Pradesh,2,Rice,IR064,Rabi,225,15,250,123,108,85,70
191,Andhra Pradesh,2,Rice,IR064,Rabi,225,15,250,149,128,101,80
192,Andhra Pradesh,2,Rice,IR064,Rabi,250,20,300,116,97,74,70
193,Andhra Pradesh,2,Rice,IR064,Rabi,250,20,300,142,117,94,80
194,Andhra Pradesh,2,Rice,IR064,Rabi,275,25,350,109,86,64,70
195,Andhra Pradesh,2,Rice,IR064,Rabi,275,25,350,135,106,85,80
196,Andhra Pradesh,2,Rice,IR064,Rabi,300,30,400,102,75,53,70
197,Andhra Pradesh,2,Rice,IR064,Rabi,300,30,400,128,95,75,80
198,Andhra Pradesh,2,Rice,IR064,Rabi,325,35,450,95,64,43,70
199,Andhra Pradesh,2,Rice,IR064,Rabi,325,35,450,121,84,66,80
200,Andhra Pradesh,2,Rice,IR064,Rabi,350,40,500,88,54,32,70
201,Andhra Pradesh,2,Rice,IR064,Rabi,350,40,500,114,74,56,80
202,Andhra Pradesh,2,Rice,IR064,Rabi,375,45,550,81,43,22,70
203,Andhra Pradesh,2,Rice,IR064,Rabi,375,45,550,107,63,47,80
204,Andhra Pradesh,2,Rice,IR064,Rabi,400,50,600,74,32,11,70
205,Andhra Pradesh,2,Rice,IR064,Rabi,400,50,600,100,52,37,80
206,Andhra Pradesh,2,Rice,IR064,Rabi,425,55,650,67,21,10,70
207,Andhra Pradesh,2,Rice,IR064,Rabi,425,55,650,93,41,28,80
208,Andhra Pradesh,2,Rice,IR064,Rabi,450,60,700,60,10,10,70
209,Andhra Pradesh,2,Rice,IR064,Rabi,450,60,700,86,30,18,80
210,Andhra Pradesh,6,Rice,Tellahamsa,Rabi,150,10,150,139,65,67,70
211,Andhra Pradesh,6,Rice,Tellahamsa,Rabi,150,10,150,155,73,75,80
212,Andhra Pradesh,6,Rice,Tellahamsa,Rabi,175,15,200,132,56,59,70
213,Andhra Pradesh,6,Rice,Tellahamsa,Rabi,175,15,200,148,64,67,80
214,Andhra Pradesh,6,Rice,Tellahamsa,Rabi,200,20,250,126,47,51,70
215,Andhra Pradesh,6,Rice,Tellahamsa,Rabi,200,20,250,142,55,59,80
216,Andhra Pradesh,6,Rice,Tellahamsa,Rabi,225,25,300,119,38,43,70
217,Andhra Pradesh,6,Rice,Tellahamsa,Rabi,225,25,300,135,46,51,80
218,Andhra Pradesh,6,Rice,Tellahamsa,Rabi,250,30,350,113,29,35,70
219,Andhra Pradesh,6,Rice,Tellahamsa,Rabi,250,30,350,129,37,43,80
220,Andhra Pradesh,6,Rice,Tellahamsa,Rabi,275,35,400,106,20,27,70
221,Andhra Pradesh,6,Rice,Tellahamsa,Rabi,275,35,400,122,28,35,80
222,Andhra Pradesh,6,Rice,Tellahamsa,Rabi,300,40,450,100,11,19,70
223,Andhra Pradesh,6,Rice,Tellahamsa,Rabi,300,40,450,116,19,27,80
224,Andhra Pradesh,6,Rice,Tellahamsa,Rabi,325,45,500,93,2,11,70
225,Andhra Pradesh,6,Rice,Tellahamsa,Rabi,325,45,500,109,10,19,80
226,Andhra Pradesh,6,Rice,Tellahamsa,Rabi,350,50,550,87,2,3,70
227,Andhra Pradesh,6,Rice,Tellahamsa,Rabi,350,50,550,103,1,11,80
228,Andhra Pradesh,6,Rice,Tellahamsa,Rabi,375,55,600,80,2,2,70
229,Andhra Pradesh,6,Rice,Tellahamsa,Rabi,375,55,600,96,2,3,80
230,Andhra Pradesh,6,Rice,Tellahamsa,Rabi,400,60,650,74,2,2,70
231,Andhra Pradesh,6,Rice,Tellahamsa,Rabi,400,60,650,90,2,2,80
232,Andhra Pradesh,4,Rice,Tellahamsa,Rabi,150,10,150,129,78,65,60
233,Andhra Pradesh,4,Rice,Tellahamsa,Rabi,150,10,150,165,95,80,70
234,Andhra Pradesh,4,Rice,Tellahamsa,Rabi,175,15,200,115,66,57,60
235,Andhra Pradesh,4,Rice,Tellahamsa,Rabi,175,15,200,151,83,72,70
236,Andhra Pradesh,4,Rice,Tellahamsa,Rabi,200,20,250,101,53,49,60
237,Andhra Pradesh,4,Rice,Tellahamsa,Rabi,200,20,250,137,71,64,70
238,Andhra Pradesh,4,Rice,Tellahamsa,Rabi,225,25,300,87,41,41,60
239,Andhra Pradesh,4,Rice,Tellahamsa,Rabi,225,25,300,122,58,56,70
240,Andhra Pradesh,4,Rice,Tellahamsa,Rabi,250,30,350,72,29,33,60
241,Andhra Pradesh,4,Rice,Tellahamsa,Rabi,250,30,350,108,46,48,70
242,Andhra Pradesh,4,Rice,Tellahamsa,Rabi,275,35,400,58,17,25,60
243,Andhra Pradesh,4,Rice,Tellahamsa,Rabi,275,35,400,94,34,40,70
244,Andhra Pradesh,4,Rice,Tellahamsa,Rabi,300,40,450,44,4,15,60
245,Andhra Pradesh,4,Rice,Tellahamsa,Rabi,300,40,450,80,21,32,70
246,Andhra Pradesh,4,Rice,Tellahamsa,Rabi,325,45,500,30,2,7,60
247,Andhra Pradesh,4,Rice,Tellahamsa,Rabi,325,45,500,65,9,24,70
248,Andhra Pradesh,4,Rice,Tellahamsa,Rabi,350,50,550,15,2,5,60
249,Andhra Pradesh,4,Rice,Tellahamsa,Rabi,350,50,550,51,9,16,70
250,Andhra Pradesh,4,Rice,Tellahamsa,Rabi,375,55,600,10,2,5,60
251,Andhra Pradesh,4,Rice,Tellahamsa,Rabi,375,55,600,37,9,8,70
252,Andhra Pradesh,4,Rice,Tellahamsa,Rabi,400,60,650,10,2,5,60
253,Andhra Pradesh,4,Rice,Tellahamsa,Rabi,400,60,650,23,9,8,70
254,Andhra Pradesh,7,Rice,Pothana,Rabi,150,10,150,143,111,64,55
255,Andhra Pradesh,7,Rice,Pothana,Rabi,150,10,150,163,124,79,60
256,Andhra Pradesh,7,Rice,Pothana,Rabi,175,15,200,130,93,60,55
257,Andhra Pradesh,7,Rice,Pothana,Rabi,175,15,200,151,106,75,60
258,Andhra Pradesh,7,Rice,Pothana,Rabi,200,20,250,118,75,56,55
259,Andhra Pradesh,7,Rice,Pothana,Rabi,200,20,250,138,87,71,60
260,Andhra Pradesh,7,Rice,Pothana,Rabi,225,25,300,106,58,52,55
261,Andhra Pradesh,7,Rice,Pothana,Rabi,225,25,300,126,71,67,60
262,Andhra Pradesh,7,Rice,Pothana,Rabi,250,30,350,93,40,48,55
263,Andhra Pradesh,7,Rice,Pothana,Rabi,250,30,350,113,53,63,60
264,Andhra Pradesh,7,Rice,Pothana,Rabi,275,35,400,81,23,44,55
265,Andhra Pradesh,7,Rice,Pothana,Rabi,275,35,400,101,36,59,60
266,Andhra Pradesh,7,Rice,Pothana,Rabi,300,40,450,68,5,40,55
267,Andhra Pradesh,7,Rice,Pothana,Rabi,300,40,450,88,18,55,60
268,Andhra Pradesh,7,Rice,Pothana,Rabi,325,45,500,56,5,36,55
269,Andhra Pradesh,7,Rice,Pothana,Rabi,325,45,500,76,15,51,60
270,Andhra Pradesh,7,Rice,Pothana,Rabi,350,50,550,43,5,32,55
271,Andhra Pradesh,7,Rice,Pothana,Rabi,350,50,550,63,15,47,60
272,Andhra Pradesh,7,Rice,Pothana,Rabi,375,55,600,31,5,28,55
273,Andhra Pradesh,7,Rice,Pothana,Rabi,375,55,600,51,15,43,60
274,Andhra Pradesh,7,Rice,Pothana,Rabi,400,60,650,18,5,24,55
275,Andhra Pradesh,7,Rice,Pothana,Rabi,400,60,650,38,15,39,60
276,New Delhi,8,Rice,Generic,Kharif,100,10,100,200,120,95,50
277,New Delhi,8,Rice,Generic,Kharif,100,10,100,250,120,120,60
278,New Delhi,8,Rice,Generic,Kharif,125,13,125,190,120,90,50
279,New Delhi,8,Rice,Generic,Kharif,125,13,125,235,120,115,60
280,New Delhi,8,Rice,Generic,Kharif,150,15,150,175,105,85,50
281,New Delhi,8,Rice,Generic,Kharif,150,15,150,225,120,105,60
282,New Delhi,8,Rice,Generic,Kharif,175,18,175,165,85,80,50
283,New Delhi,8,Rice,Generic,Kharif,175,18,175,215,120,100,60
284,New Delhi,8,Rice,Generic,Kharif,200,20,200,155,70,75,50
285,New Delhi,8,Rice,Generic,Kharif,200,20,200,200,115,95,60
286,New Delhi,8,Rice,Generic,Kharif,225,23,225,140,50,70,50
287,New Delhi,8,Rice,Generic,Kharif,225,23,225,190,95,90,60
288,New Delhi,8,Rice,Generic,Kharif,250,25,250,130,30,65,50
289,New Delhi,8,Rice,Generic,Kharif,250,25,250,180,75,85,60
290,New Delhi,8,Rice,Generic,Kharif,275,28,275,120,10,60,50
291,New Delhi,8,Rice,Generic,Kharif,275,28,275,165,55,80,60
292,New Delhi,8,Rice,Generic,Kharif,300,30,300,105,10,55,50
293,New Delhi,8,Rice,Generic,Kharif,300,30,300,155,35,75,60
294,New Delhi,8,Rice,Generic,Kharif,325,33,325,95,10,50,50
295,New Delhi,8,Rice,Generic,Kharif,325,33,325,145,15,70,60
296,New Delhi,8,Rice,Generic,Kharif,350,36,350,85,10,45,50
297,New Delhi,8,Rice,Generic,Kharif,350,36,350,130,15,65,60
298,New Delhi,8,Rice,Generic,Kharif,375,38,375,70,10,35,50
299,New Delhi,8,Rice,Generic,Kharif,375,38,375,120,15,60,60
300,Bihar,9,Rice,Generic,Kharif,120,4,60,88,62,51,25
301,Bihar,9,Rice,Generic,Kharif,120,4,60,118,76,70,30
302,Bihar,9,Rice,Generic,Kharif,130,6,70,82,58,44,25
303,Bihar,9,Rice,Generic,Kharif,130,6,70,113,72,63,30
304,Bihar,9,Rice,Generic,Kharif,140,8,80,77,53,37,25
305,Bihar,9,Rice,Generic,Kharif,140,8,80,107,68,56,30
306,Bihar,9,Rice,Generic,Kharif,150,10,90,71,49,30,25
307,Bihar,9,Rice,Generic,Kharif,150,10,90,102,63,49,30
308,Bihar,9,Rice,Generic,Kharif,160,12,100,66,45,23,25
309,Bihar,9,Rice,Generic,Kharif,160,12,100,96,59,42,30
310,Bihar,9,Rice,Generic,Kharif,170,14,110,60,41,16,25
311,Bihar,9,Rice,Generic,Kharif,170,14,110,91,55,35,30
312,Bihar,9,Rice,Generic,Kharif,180,16,120,55,36,10,25
313,Bihar,9,Rice,Generic,Kharif,180,16,120,85,50,28,30
314,Bihar,9,Rice,Generic,Kharif,190,18,130,49,32,10,25
315,Bihar,9,Rice,Generic,Kharif,190,18,130,80,46,21,30
316,Bihar,9,Rice,Generic,Kharif,200,20,140,44,28,10,25
317,Bihar,9,Rice,Generic,Kharif,200,20,140,74,42,14,30
318,Bihar,9,Rice,Generic,Kharif,210,22,150,38,23,10,25
319,Bihar,9,Rice,Generic,Kharif,210,22,150,69,37,10,30
320,Bihar,9,Rice,Generic,Kharif,220,24,160,33,19,10,25
321,Bihar,9,Rice,Generic,Kharif,220,24,160,63,33,10,30
322,Bihar,9,Rice,Generic,Kharif,230,26,170,25,15,10,25
323,Bihar,9,Rice,Generic,Kharif,230,26,170,58,29,10,30
324,Bihar,9,Rice,Generic,Kharif,240,28,180,25,15,10,25
325,Bihar,9,Rice,Generic,Kharif,240,28,180,52,24,10,30
326,Bihar,9,Rice,Generic,Kharif,250,30,190,25,15,10,25
327,Bihar,9,Rice,Generic,Kharif,250,30,190,47,20,10,30
328,West Bengal,10,Rice,IET04094,Kharif,250,5,100,111,84,87,3.5
329,West Bengal,10,Rice,IET04094,Kharif,250,5,100,129,98,90,4
330,West Bengal,10,Rice,IET04094,Kharif,275,10,150,102,84,87,3.5
331,West Bengal,10,Rice,IET04094,Kharif,275,10,150,120,98,90,4
332,West Bengal,10,Rice,IET04094,Kharif,300,15,200,93,84,87,3.5
333,West Bengal,10,Rice,IET04094,Kharif,300,15,200,111,98,90,4
334,West Bengal,10,Rice,IET04094,Kharif,325,20,250,84,84,87,3.5
335,West Bengal,10,Rice,IET04094,Kharif,325,20,250,102,94,90,4
336,West Bengal,10,Rice,IET04094,Kharif,350,25,300,76,80,87,3.5
337,West Bengal,10,Rice,IET04094,Kharif,350,25,300,94,89,100,4
338,West Bengal,10,Rice,IET04094,Kharif,375,30,350,67,75,77,3.5
339,West Bengal,10,Rice,IET04094,Kharif,375,30,350,85,85,90,4
340,West Bengal,10,Borp Rice,IET04789,Boro,250,5,100,117,90,71,55
341,West Bengal,10,Borp Rice,IET04789,Boro,250,5,100,139,99,80,60
342,West Bengal,10,Borp Rice,IET04789,Boro,275,10,150,103,85,61,55
343,West Bengal,10,Borp Rice,IET04789,Boro,275,10,150,126,94,69,60
344,West Bengal,10,Borp Rice,IET04789,Boro,300,15,200,90,80,50,55
345,West Bengal,10,Borp Rice,IET04789,Boro,300,15,200,113,89,59,60
346,West Bengal,10,Borp Rice,IET04789,Boro,325,20,250,77,75,40,55
347,West Bengal,10,Borp Rice,IET04789,Boro,325,20,250,100,83,48,60
348,West Bengal,10,Borp Rice,IET04789,Boro,350,25,300,64,69,29,55
349,West Bengal,10,Borp Rice,IET04789,Boro,350,25,300,86,78,38,60
350,West Bengal,10,Borp Rice,IET04789,Boro,375,30,350,50,64,19,55
351,West Bengal,10,Borp Rice,IET04789,Boro,375,30,350,73,73,27,60
352,Maharashtra,11,Sugarcane,Adsali,autun0spring,100,6,200,612,256,252,175
353,Maharashtra,11,Sugarcane,Adsali,autun0spring,100,6,200,722,297,298,200
354,Maharashtra,11,Sugarcane,Adsali,autun0spring,120,8,300,581,247,215,175
355,Maharashtra,11,Sugarcane,Adsali,autun0spring,120,8,300,691,288,261,200
356,Maharashtra,11,Sugarcane,Adsali,autun0spring,140,10,400,550,238,178,175
357,Maharashtra,11,Sugarcane,Adsali,autun0spring,140,10,400,660,278,224,200
358,Maharashtra,11,Sugarcane,Adsali,autun0spring,160,12,500,519,229,141,175
359,Maharashtra,11,Sugarcane,Adsali,autun0spring,160,12,500,628,269,187,200
360,Maharashtra,11,Sugarcane,Adsali,autun0spring,180,14,600,487,220,104,175
361,Maharashtra,11,Sugarcane,Adsali,autun0spring,180,14,600,597,260,150,200
362,Maharashtra,11,Sugarcane,Adsali,autun0spring,200,16,700,456,211,67,175
363,Maharashtra,11,Sugarcane,Adsali,autun0spring,200,16,700,566,251,113,200
364,Maharashtra,12,Sorghum,CSH09,Kharif,100,6,200,87,47,90,40
365,Maharashtra,12,Sorghum,CSH09,Kharif,100,6,200,110,58,106,45
366,Maharashtra,12,Sorghum,CSH09,Kharif,120,8,300,68,33,68,40
367,Maharashtra,12,Sorghum,CSH09,Kharif,120,8,300,91,44,84,45
368,Maharashtra,12,Sorghum,CSH09,Kharif,140,10,400,49,19,46,40
369,Maharashtra,12,Sorghum,CSH09,Kharif,140,10,400,72,30,62,45
370,Maharashtra,12,Sorghum,CSH09,Kharif,160,12,500,30,25,24,40
371,Maharashtra,12,Sorghum,CSH09,Kharif,160,12,500,52,16,40,45
372,Maharashtra,12,Sorghum,CSH09,Kharif,180,14,600,10,25,25,40
373,Maharashtra,12,Sorghum,CSH09,Kharif,180,14,600,33,25,18,45
374,Maharashtra,12,Sorghum,CSH09,Kharif,200,14,700,25,25,25,40
375,Maharashtra,12,Sorghum,CSH09,Kharif,200,14,700,14,25,25,45
376,Maharashtra,11,Sorghum,CSH08 R,Rabi,100,6,200,158,74,102,50
377,Maharashtra,11,Sorghum,CSH08 R,Rabi,100,6,200,205,94,135,60
378,Maharashtra,11,Sorghum,CSH08 R,Rabi,120,8,250,143,66,85,50
379,Maharashtra,11,Sorghum,CSH08 R,Rabi,120,8,250,190,86,119,60
380,Maharashtra,11,Sorghum,CSH08 R,Rabi,140,10,300,127,57,69,50
381,Maharashtra,11,Sorghum,CSH08 R,Rabi,140,10,300,174,77,102,60
382,Maharashtra,11,Sorghum,CSH08 R,Rabi,160,12,350,112,49,52,50
383,Maharashtra,11,Sorghum,CSH08 R,Rabi,160,12,350,159,69,86,60
384,Maharashtra,11,Sorghum,CSH08 R,Rabi,180,14,400,96,40,36,50
385,Maharashtra,11,Sorghum,CSH08 R,Rabi,180,14,400,143,60,69,60
386,Maharashtra,11,Sorghum,CSH08 R,Rabi,200,16,450,81,31,19,50
387,Maharashtra,11,Sorghum,CSH08 R,Rabi,200,16,450,128,51,53,60
388,Maharashtra,11,Sorghum,CSH08 R,Rabi,220,18,500,66,23,25,50
389,Maharashtra,11,Sorghum,CSH08 R,Rabi,220,18,500,113,43,36,60
390,Maharashtra,11,Sorghum,CSH08 R,Rabi,240,20,500,50,14,25,50
391,Maharashtra,11,Sorghum,CSH08 R,Rabi,240,20,500,97,34,25,60
392,Maharashtra,13,Finger Millet,Nagli RAU08,0,100,6,200,30,28,10,12
393,Maharashtra,13,Finger Millet,Nagli RAU08,0,100,6,200,57,45,17,18
394,Maharashtra,13,Finger Millet,Nagli RAU08,0,120,8,300,26,25,25,12
395,Maharashtra,13,Finger Millet,Nagli RAU08,0,120,8,300,52,43,15,18
396,Maharashtra,13,Finger Millet,Nagli RAU08,0,140,10,400,21,22,25,12
397,Maharashtra,13,Finger Millet,Nagli RAU08,0,140,10,400,48,40,25,18
398,Maharashtra,13,Finger Millet,Nagli RAU08,0,160,12,500,17,20,25,12
399,Maharashtra,13,Finger Millet,Nagli RAU08,0,160,12,500,43,37,25,18
400,Maharashtra,13,Finger Millet,Nagli RAU08,0,180,14,600,25,17,25,12
401,Maharashtra,13,Finger Millet,Nagli RAU08,0,180,14,600,39,35,25,18
402,Maharashtra,13,Finger Millet,Nagli RAU08,0,200,16,700,25,14,25,12
403,Maharashtra,13,Finger Millet,Nagli RAU08,0,200,16,700,34,32,25,18
404,Maharashtra,11,Fodder Maize,African tall,Summer,100,6,200,203.6,56.02,72,40
405,Maharashtra,11,Fodder Maize,African tall,Summer,100,6,200,268.5,71.12,96.5,50
406,Maharashtra,11,Fodder Maize,African tall,Summer,120,8,300,192.4,54.56,59,40
407,Maharashtra,11,Fodder Maize,African tall,Summer,120,8,300,257.3,69.66,83.5,50
408,Maharashtra,11,Fodder Maize,African tall,Summer,140,10,400,181.2,53.1,46,40
409,Maharashtra,11,Fodder Maize,African tall,Summer,140,10,400,246.1,68.2,70.5,50
410,Maharashtra,11,Fodder Maize,African tall,Summer,160,12,500,170,51.64,33,40
411,Maharashtra,11,Fodder Maize,African tall,Summer,160,12,500,234.9,66.74,57.5,50
412,Maharashtra,11,Fodder Maize,African tall,Summer,180,14,600,158.8,50.18,20,40
413,Maharashtra,11,Fodder Maize,African tall,Summer,180,14,600,223.7,65.28,44.5,50
414,Maharashtra,11,Fodder Maize,African tall,Summer,200,16,700,147.6,48.72,25,40
415,Maharashtra,11,Fodder Maize,African tall,Summer,200,16,700,215.5,63.82,31.5,50
416,Maharashtra,11,Cotton,RHR0253,Kharif,100,6,250,187,119,126,20
417,Maharashtra,11,Cotton,RHR0253,Kharif,100,6,250,239,146,160,24
418,Maharashtra,11,Cotton,RHR0253,Kharif,120,10,300,172,108,117,20
419,Maharashtra,11,Cotton,RHR0253,Kharif,120,10,300,224,135,151,24
420,Maharashtra,11,Cotton,RHR0253,Kharif,140,14,350,157,96,108,20
421,Maharashtra,11,Cotton,RHR0253,Kharif,140,14,350,209,124,142,24
422,Maharashtra,11,Cotton,RHR0253,Kharif,160,18,400,142,85,99,20
423,Maharashtra,11,Cotton,RHR0253,Kharif,160,18,400,194,112,133,24
424,Maharashtra,11,Cotton,RHR0253,Kharif,180,22,450,127,68,90,20
425,Maharashtra,11,Cotton,RHR0253,Kharif,180,22,450,179,95,124,24
426,Maharashtra,11,Cotton,RHR0253,Kharif,200,26,500,112,57,81,20
427,Maharashtra,11,Cotton,RHR0253,Kharif,200,26,500,164,84,115,24
428,Maharashtra,11,Cotton,RHR0253,Kharif,220,30,550,97,45,72,20
429,Maharashtra,11,Cotton,RHR0253,Kharif,220,30,550,149,73,106,24
430,Maharashtra,11,Cotton,RHR0253,Kharif,240,34,600,82,34,63,20
431,Maharashtra,11,Cotton,RHR0253,Kharif,240,34,600,139,61,97,24
432,Maharashtra,11,Cotton,RHR0253,Kharif,100,6,250,187,119,126,20
433,Maharashtra,11,Cotton,RHR0253,Kharif,100,6,250,239,146,160,24
434,Maharashtra,11,Cotton,RHR0253,Kharif,120,10,300,172,108,117,20
435,Maharashtra,11,Cotton,RHR0253,Kharif,120,10,300,224,135,151,24
436,Maharashtra,11,Cotton,RHR0253,Kharif,140,14,350,157,96,108,20
437,Maharashtra,11,Cotton,RHR0253,Kharif,140,14,350,209,124,142,24
438,Maharashtra,11,Cotton,RHR0253,Kharif,160,18,400,142,85,99,20
439,Maharashtra,11,Cotton,RHR0253,Kharif,160,18,400,194,112,133,24
440,Maharashtra,11,Cotton,RHR0253,Kharif,180,22,450,127,68,90,20
441,Maharashtra,11,Cotton,RHR0253,Kharif,180,22,450,179,95,124,24
442,Maharashtra,11,Cotton,RHR0253,Kharif,200,26,500,112,57,81,20
443,Maharashtra,11,Cotton,RHR0253,Kharif,200,26,500,164,84,115,24
444,Maharashtra,11,Cotton,RHR0253,Kharif,220,30,550,97,45,72,20
445,Maharashtra,11,Cotton,RHR0253,Kharif,220,30,550,149,73,106,24
446,Maharashtra,11,Cotton,RHR0253,Kharif,240,34,600,82,34,63,20
447,Maharashtra,11,Cotton,RHR0253,Kharif,240,34,600,139,61,97,24
448,Maharashtra,14,Sugarcane,Co 86032,Seasonal,100,6,200,342,115,231,100
449,Maharashtra,14,Sugarcane,Co 86032,Seasonal,100,6,200,437,140,286,120
450,Maharashtra,14,Sugarcane,Co 86032,Seasonal,120,8,300,315,112,210,100
451,Maharashtra,14,Sugarcane,Co 86032,Seasonal,120,8,300,410,136,265,120
452,Maharashtra,14,Sugarcane,Co 86032,Seasonal,140,10,400,288,109,181,100
453,Maharashtra,14,Sugarcane,Co 86032,Seasonal,140,10,400,384,133,244,120
454,Maharashtra,14,Sugarcane,Co 86032,Seasonal,160,12,500,261,105,168,100
455,Maharashtra,14,Sugarcane,Co 86032,Seasonal,160,12,500,357,130,223,120
456,Maharashtra,14,Sugarcane,Co 86032,Seasonal,180,14,600,234,102,147,100
457,Maharashtra,14,Sugarcane,Co 86032,Seasonal,180,14,600,330,127,202,120
458,Maharashtra,14,Sugarcane,Co 86032,Seasonal,200,16,700,207,99,134,100
459,Maharashtra,14,Sugarcane,Co 86032,Seasonal,200,16,700,303,124,181,120
460,Maharashtra,15,Groundnut,Phule Pragati,Kharif,100,6,200,46,73,31,20
461,Maharashtra,15,Groundnut,Phule Pragati,Kharif,100,6,200,67,98,47,25
462,Maharashtra,15,Groundnut,Phule Pragati,Kharif,120,8,250,39,64,23,20
463,Maharashtra,15,Groundnut,Phule Pragati,Kharif,120,8,250,60,89,39,25
464,Maharashtra,15,Groundnut,Phule Pragati,Kharif,140,10,300,31,56,15,20
465,Maharashtra,15,Groundnut,Phule Pragati,Kharif,140,10,300,52,80,31,25
466,Maharashtra,15,Groundnut,Phule Pragati,Kharif,160,12,350,24,47,25,20
467,Maharashtra,15,Groundnut,Phule Pragati,Kharif,160,12,350,45,72,23,25
468,Maharashtra,15,Groundnut,Phule Pragati,Kharif,180,14,400,17,38,25,20
469,Maharashtra,15,Groundnut,Phule Pragati,Kharif,180,14,400,37,63,15,25
470,Maharashtra,15,Groundnut,Phule Pragati,Kharif,200,16,450,25,29,25,20
471,Maharashtra,15,Groundnut,Phule Pragati,Kharif,200,16,450,30,54,25,25
472,Maharashtra,15,Groundnut,Phule Pragati,Kharif,220,18,500,25,21,25,20
473,Maharashtra,15,Groundnut,Phule Pragati,Kharif,220,18,500,23,46,25,25
474,Maharashtra,15,Groundnut,SB0IX,Summer,100,6,200,65,169,61,20
475,Maharashtra,15,Groundnut,SB0IX,Summer,100,6,200,85,210,77,25
476,Maharashtra,15,Groundnut,SB0IX,Summer,120,8,300,57,157,51,20
477,Maharashtra,15,Groundnut,SB0IX,Summer,120,8,300,77,198,67,25
478,Maharashtra,15,Groundnut,SB0IX,Summer,140,10,400,49,144,41,20
479,Maharashtra,15,Groundnut,SB0IX,Summer,140,10,400,69,185,57,25
480,Maharashtra,15,Groundnut,SB0IX,Summer,160,12,500,41,132,31,20
481,Maharashtra,15,Groundnut,SB0IX,Summer,160,12,500,61,173,47,25
482,Maharashtra,15,Groundnut,SB0IX,Summer,180,14,600,33,120,21,20
483,Maharashtra,15,Groundnut,SB0IX,Summer,180,14,600,53,161,37,25
484,Maharashtra,15,Groundnut,SB0IX,Summer,200,16,700,25,107,11,20
485,Maharashtra,15,Groundnut,SB0IX,Summer,200,16,700,45,149,27,25
486,Maharashtra,16,Soybean,JS0335,Kharif,100,6,200,104,127,73,25
487,Maharashtra,16,Soybean,JS0335,Kharif,100,6,200,60,85,63,25
488,Maharashtra,16,Soybean,JS0335,Kharif,120,8,300,90,119,60,25
489,Maharashtra,16,Soybean,JS0335,Kharif,120,8,300,52,79,52,25
490,Maharashtra,16,Soybean,JS0335,Kharif,140,10,400,76,110,47,25
491,Maharashtra,16,Soybean,JS0335,Kharif,140,10,400,44,73,41,25
492,Maharashtra,16,Soybean,JS0335,Kharif,160,12,500,63,101,34,25
493,Maharashtra,16,Soybean,JS0335,Kharif,160,12,500,36,67,30,25
494,Maharashtra,16,Soybean,JS0335,Kharif,180,14,600,49,92,21,25
495,Maharashtra,16,Soybean,JS0335,Kharif,180,14,600,29,61,19,25
496,Maharashtra,16,Soybean,JS0335,Kharif,200,16,700,36,83,25,25
497,Maharashtra,16,Soybean,JS0335,Kharif,200,16,700,21,56,25,25
498,Maharashtra,16,Soybean,JS0335,Kharif,220,18,800,22,74,25,25
499,Maharashtra,16,Soybean,JS0335,Kharif,220,18,800,13,50,25,25
500,Maharashtra,11,Sunflower,SS056,Kharif,160,8,250,123,59,45,16
501,Maharashtra,11,Sunflower,SS056,Kharif,160,8,250,150,74,54,18
502,Maharashtra,11,Sunflower,SS056,Kharif,180,10,300,110,45,39,16
503,Maharashtra,11,Sunflower,SS056,Kharif,180,10,300,137,60,48,18
504,Maharashtra,11,Sunflower,SS056,Kharif,200,12,350,97,31,33,16
505,Maharashtra,11,Sunflower,SS056,Kharif,200,12,350,124,46,42,18
506,Maharashtra,11,Sunflower,SS056,Kharif,220,14,400,84,17,27,16
507,Maharashtra,11,Sunflower,SS056,Kharif,220,14,400,111,32,36,18
508,Maharashtra,11,Sunflower,SS056,Kharif,240,16,450,71,25,21,16
509,Maharashtra,11,Sunflower,SS056,Kharif,240,16,450,98,25,30,18
510,Maharashtra,15,wheat,HD02189,RABI,100,6,250,237,59,45,40
511,Maharashtra,15,wheat,HD02189,RABI,100,6,250,303,78,69,50
512,Maharashtra,15,wheat,HD02189,RABI,120,8,275,222,53,40,40
513,Maharashtra,15,wheat,HD02189,RABI,120,8,275,288,72,64,50
514,Maharashtra,15,wheat,HD02189,RABI,140,10,300,207,47,34,40
515,Maharashtra,15,wheat,HD02189,RABI,140,10,300,273,66,58,50
516,Maharashtra,15,wheat,HD02189,RABI,160,12,325,193,41,29,40
517,Maharashtra,15,wheat,HD02189,RABI,160,12,325,259,60,53,50
518,Maharashtra,15,wheat,HD02189,RABI,180,14,350,178,36,23,40
519,Maharashtra,15,wheat,HD02189,RABI,180,14,350,244,55,47,50
520,Maharashtra,15,wheat,HD02189,RABI,200,16,375,163,30,18,40
521,Maharashtra,15,wheat,HD02189,RABI,200,16,375,229,49,42,50
522,Maharashtra,15,wheat,HD02189,RABI,220,18,400,149,25,25,40
523,Maharashtra,15,wheat,HD02189,RABI,220,18,400,214,43,36,50
524,Maharashtra,15,wheat,HD02189,RABI,240,20,425,133,25,25,40
525,Maharashtra,15,wheat,HD02189,RABI,240,20,425,199,37,31,50
526,Maharashtra,15,wheat,HD02189,RABI,260,22,450,118,25,25,40
527,Maharashtra,15,wheat,HD02189,RABI,260,22,450,185,32,25,50
528,Maharashtra,15,wheat,HD02189,RABI,280,24,475,103,25,25,40
529,Maharashtra,15,wheat,HD02189,RABI,280,24,475,170,26,20,50
530,Maharashtra,15,wheat,HD02189,RABI,300,26,500,80,25,25,40
531,Maharashtra,15,wheat,HD02189,RABI,300,26,500,155,20,15,50
532,Maharashtra,17,Transplanted paddy,Indrayani,-,100,10,200,174,239,77,40
533,Maharashtra,17,Transplanted paddy,Indrayani,-,100,10,200,200,286,91,45
534,Maharashtra,17,Transplanted paddy,Indrayani,-,150,15,250,157,171,69,40
535,Maharashtra,17,Transplanted paddy,Indrayani,-,150,15,250,183,218,83,45
536,Maharashtra,17,Transplanted paddy,Indrayani,-,200,20,300,140,103,61,40
537,Maharashtra,17,Transplanted paddy,Indrayani,-,200,20,300,166,150,75,45
538,Maharashtra,17,Transplanted paddy,Indrayani,-,250,25,350,123,35,53,40
539,Maharashtra,17,Transplanted paddy,Indrayani,-,250,25,350,149,82,67,45
540,Maharashtra,17,Transplanted paddy,Indrayani,-,300,30,400,106,25,45,40
541,Maharashtra,17,Transplanted paddy,Indrayani,-,300,30,400,132,25,59,45
542,Maharashtra,18,Upland paddy,R024,Rabi,100,6,200,112,61,61,30
543,Maharashtra,18,Upland paddy,R024,Rabi,100,6,200,167,82,84,40
544,Maharashtra,18,Upland paddy,R024,Rabi,120,8,300,101,59,56,30
545,Maharashtra,18,Upland paddy,R024,Rabi,120,8,300,156,81,79,40
546,Maharashtra,18,Upland paddy,R024,Rabi,140,10,400,90,57,51,30
547,Maharashtra,18,Upland paddy,R024,Rabi,140,10,400,145,79,74,40
548,Maharashtra,18,Upland paddy,R024,Rabi,160,12,500,80,55,46,30
549,Maharashtra,18,Upland paddy,R024,Rabi,160,12,500,134,77,69,40
550,Maharashtra,18,Upland paddy,R024,Rabi,180,14,600,68,54,41,30
551,Maharashtra,18,Upland paddy,R024,Rabi,180,14,600,123,76,64,40
552,Maharashtra,18,Upland paddy,R024,Rabi,200,16,700,57,52,36,30
553,Maharashtra,18,Upland paddy,R024,Rabi,200,16,700,112,74,59,40
554,Maharahtra,15,Pearl millet,Saburi0RHRBH08609,Kharif,100,6,250,61,77,35,30
555,Maharahtra,15,Pearl millet,Saburi0RHRBH08609,Kharif,100,6,250,78,94,43,35
556,Maharahtra,15,Pearl millet,Saburi0RHRBH08609,Kharif,120,10,300,54,60,32,30
557,Maharahtra,15,Pearl millet,Saburi0RHRBH08609,Kharif,120,10,300,70,77,40,35
558,Maharahtra,15,Pearl millet,Saburi0RHRBH08609,Kharif,140,14,350,46,44,29,30
559,Maharahtra,15,Pearl millet,Saburi0RHRBH08609,Kharif,140,14,350,63,61,37,35
560,Maharahtra,15,Pearl millet,Saburi0RHRBH08609,Kharif,160,18,400,38,28,26,30
561,Maharahtra,15,Pearl millet,Saburi0RHRBH08609,Kharif,160,18,400,55,45,34,35
562,Maharahtra,15,Pearl millet,Saburi0RHRBH08609,Kharif,180,22,450,30,11,23,30
563,Maharahtra,15,Pearl millet,Saburi0RHRBH08609,Kharif,180,22,450,47,28,21,35
564,Maharahtra,15,Pearl millet,Saburi0RHRBH08609,Kharif,200,26,500,23,25,20,30
565,Maharahtra,15,Pearl millet,Saburi0RHRBH08609,Kharif,200,26,500,40,25,28,35
566,Maharahtra,15,Pearl millet,Saburi0RHRBH08609,Kharif,220,26,550,16,25,17,30
567,Maharahtra,15,Pearl millet,Saburi0RHRBH08609,Kharif,220,26,550,32,25,25,35
568,Maharahtra,15,Pearl millet,Saburi0RHRBH08609,Kharif,240,26,600,8,25,14,30
569,Maharahtra,15,Pearl millet,Saburi0RHRBH08609,Kharif,240,26,600,25,25,22,35
570,Maharashtra,11,Chickpea,Vishal,Rabi,100,6,200,59,61,18,20
571,Maharashtra,11,Chickpea,Vishal,Rabi,100,6,200,85,802,24,25
572,Maharashtra,11,Chickpea,Vishal,Rabi,120,8,250,50,55,16,20
573,Maharashtra,11,Chickpea,Vishal,Rabi,120,8,250,76,75,22,25
574,Maharashtra,11,Chickpea,Vishal,Rabi,140,10,300,41,50,14,20
575,Maharashtra,11,Chickpea,Vishal,Rabi,140,10,300,64,69,20,25
576,Maharashtra,11,Chickpea,Vishal,Rabi,160,12,350,31,44,12,20
577,Maharashtra,11,Chickpea,Vishal,Rabi,160,12,350,58,64,18,25
578,Maharashtra,11,Chickpea,Vishal,Rabi,180,14,400,22,39,10,20
579,Maharashtra,11,Chickpea,Vishal,Rabi,180,14,400,48,58,16,25
580,Maharashtra,11,Chickpea,Vishal,Rabi,200,16,450,13,33,8,20
581,Maharashtra,11,Chickpea,Vishal,Rabi,200,16,450,39,52,14,25
582,Maharashtra,11,Chickpea,Vishal,Rabi,220,18,500,25,28,25,20
583,Maharashtra,11,Chickpea,Vishal,Rabi,220,18,500,30,47,12,25
584,Maharashtra,11,Chickpea,Vishal,Rabi,240,20,550,25,22,25,20
585,Maharashtra,11,Chickpea,Vishal,Rabi,240,20,550,21,41,25,25
586,Maharashtra,11,Chickpea,Vishal,Rabi,260,22,600,25,16,25,20
587,Maharashtra,11,Chickpea,Vishal,Rabi,260,22,600,25,36,25,25
588,Maharashtra,11,Chickpea,Vishal,Rabi,260,24,650,25,25,25,20
589,Maharashtra,11,Chickpea,Vishal,Rabi,260,24,650,25,30,25,25
590,Maharashtra,16,Okra,Arka anamika,Summer,100,6,200,157,110,109,12
591,Maharashtra,16,Okra,Arka anamika,Summer,100,6,200,121,88,90,12
592,Maharashtra,16,Okra,Arka anamika,Summer,120,8,300,148,105,94,12
593,Maharashtra,16,Okra,Arka anamika,Summer,120,8,300,113,83,76,12
594,Maharashtra,16,Okra,Arka anamika,Summer,140,10,400,139,100,79,12
595,Maharashtra,16,Okra,Arka anamika,Summer,140,10,400,104,79,62,12
596,Maharashtra,16,Okra,Arka anamika,Summer,160,12,500,130,95,64,12
597,Maharashtra,16,Okra,Arka anamika,Summer,160,12,500,96,74,48,12
598,Maharashtra,16,Okra,Arka anamika,Summer,180,14,600,121,91,59,12
599,Maharashtra,16,Okra,Arka anamika,Summer,180,14,600,88,70,34,12
600,Maharashtra,16,Okra,Arka anamika,Summer,200,16,700,112,86,34,12
601,Maharashtra,16,Okra,Arka anamika,Summer,200,16,700,79,65,20,12
602,Maharashtra,16,Okra,Arka anamika,Summer,220,18,800,103,81,19,12
603,Maharashtra,16,Okra,Arka anamika,Summer,220,18,800,71,61,25,12
604,Maharashtra,16,Brinjal,Krishna,Summer,100,6,200,188,113,134.5,50
605,Maharashtra,16,Brinjal,Krishna,Summer,100,6,200,236.2,144.4,166.6,60
606,Maharashtra,16,Brinjal,Krishna,Summer,120,8,300,177.4,98.4,121.5,50
607,Maharashtra,16,Brinjal,Krishna,Summer,120,8,300,225.6,129.8,153.6,60
608,Maharashtra,16,Brinjal,Krishna,Summer,140,10,400,166.8,83.8,108.5,50
609,Maharashtra,16,Brinjal,Krishna,Summer,140,10,400,215,115.2,140.6,60
610,Maharashtra,16,Brinjal,Krishna,Summer,160,12,500,156.2,69.3,95.5,50
611,Maharashtra,16,Brinjal,Krishna,Summer,160,12,500,204.4,100.5,127.6,60
612,Maharashtra,16,Brinjal,Krishna,Summer,180,14,600,145.6,54.5,82.5,50
613,Maharashtra,16,Brinjal,Krishna,Summer,180,14,600,193.8,85.9,114.6,60
614,Maharashtra,16,Brinjal,Krishna,Summer,200,16,700,135,39.8,69.5,50
615,Maharashtra,16,Brinjal,Krishna,Summer,200,16,700,183.2,71.2,101.6,60
616,Maharashtra,11,Cabbage,Golden acre,Rabi,100,6,200,227.4,128,162,30
617,Maharashtra,11,Cabbage,Golden acre,Rabi,100,6,200,310,175,229,40
618,Maharashtra,11,Cabbage,Golden acre,Rabi,120,8,300,223.2,123,143,30
619,Maharashtra,11,Cabbage,Golden acre,Rabi,120,8,300,306,170,210,40
620,Maharashtra,11,Cabbage,Golden acre,Rabi,140,10,400,219,118,124,30
621,Maharashtra,11,Cabbage,Golden acre,Rabi,140,10,400,302,165,191,40
622,Maharashtra,11,Cabbage,Golden acre,Rabi,160,12,500,214.8,114,105,30
623,Maharashtra,11,Cabbage,Golden acre,Rabi,160,12,500,298,108,172,40
624,Maharashtra,11,Cabbage,Golden acre,Rabi,180,14,600,210.6,109,86,30
625,Maharashtra,11,Cabbage,Golden acre,Rabi,180,14,600,293,156,153,40
626,Maharashtra,11,Cabbage,Golden acre,Rabi,200,16,700,206.4,104,67,30
627,Maharashtra,11,Cabbage,Golden acre,Rabi,200,16,700,289,151,134,40
628,Maharashtra,16,Cauliflower,Namdhari N0. 90,Rabi,100,6,200,136,93,82,25
629,Maharashtra,16,Cauliflower,Namdhari N0. 90,Rabi,100,6,200,106,74,54,25
630,Maharashtra,16,Cauliflower,Namdhari N0. 90,Rabi,120,8,300,128,89,74,25
631,Maharashtra,16,Cauliflower,Namdhari N0. 90,Rabi,120,8,300,100,70,48,25
632,Maharashtra,16,Cauliflower,Namdhari N0. 90,Rabi,140,10,400,122,83,66,25
633,Maharashtra,16,Cauliflower,Namdhari N0. 90,Rabi,140,10,400,94,66,42,25
634,Maharashtra,16,Cauliflower,Namdhari N0. 90,Rabi,160,12,500,115,80,58,25
635,Maharashtra,16,Cauliflower,Namdhari N0. 90,Rabi,160,12,500,88,62,36,25
636,Maharashtra,16,Cauliflower,Namdhari N0. 90,Rabi,180,14,600,108,75,50,25
637,Maharashtra,16,Cauliflower,Namdhari N0. 90,Rabi,180,14,600,82,57,30,25
638,Maharashtra,16,Cauliflower,Namdhari N0. 90,Rabi,200,16,700,101,71,42,25
639,Maharashtra,16,Cauliflower,Namdhari N0. 90,Rabi,200,16,700,76,53,24,25
640,Maharashtra,16,Cauliflower,Namdhari N0. 90,Rabi,220,18,800,94,66,34,25
641,Maharashtra,16,Cauliflower,Namdhari N0. 90,Rabi,220,18,800,70,49,18,25
642,Maharashtra,19,Potato,Khurfi Jyoti,Rabi,100,6,200,231,125,196,175
643,Maharashtra,19,Potato,Khurfi Jyoti,Rabi,100,6,200,171,113,175,175
644,Maharashtra,19,Potato,Khurfi Jyoti,Rabi,120,8,300,223,114,179,175
645,Maharashtra,19,Potato,Khurfi Jyoti,Rabi,120,8,300,165,104,152,175
646,Maharashtra,19,Potato,Khurfi Jyoti,Rabi,140,10,400,251,103,162,175
647,Maharashtra,19,Potato,Khurfi Jyoti,Rabi,140,10,400,158,93,137,175
648,Maharashtra,19,Potato,Khurfi Jyoti,Rabi,160,12,500,207,92,145,175
649,Maharashtra,19,Potato,Khurfi Jyoti,Rabi,160,12,500,152,82,121,175
650,Maharashtra,19,Potato,Khurfi Jyoti,Rabi,180,14,600,199,81,128,175
651,Maharashtra,19,Potato,Khurfi Jyoti,Rabi,180,14,600,146,72,105,175
652,Maharashtra,19,Potato,Khurfi Jyoti,Rabi,200,16,700,191,70,111,175
653,Maharashtra,19,Potato,Khurfi Jyoti,Rabi,200,16,700,140,61,90,175
654,Maharashtra,19,Potato,Khurfi Jyoti,Rabi,220,18,800,183,59,94.12,175
655,Maharashtra,19,Potato,Khurfi Jyoti,Rabi,220,18,800,133.2,50.2,74.1,175
656,Maharashtra,19,Tomato,Dhanshree,Summer,100,6,200,114,91,105,30
657,Maharashtra,19,Tomato,Dhanshree,Summer,100,6,200,70,53,52,30
658,Maharashtra,19,Tomato,Dhanshree,Summer,120,8,300,105,84,80,30
659,Maharashtra,19,Tomato,Dhanshree,Summer,120,8,300,61,47,30,30
660,Maharashtra,19,Tomato,Dhanshree,Summer,140,10,400,96,75,55,30
661,Maharashtra,19,Tomato,Dhanshree,Summer,140,10,400,52,42,25,30
662,Maharashtra,19,Tomato,Dhanshree,Summer,160,12,500,86,66,30,30
663,Maharashtra,19,Tomato,Dhanshree,Summer,160,12,500,44,36,25,30
664,Maharashtra,19,Tomato,Dhanshree,Summer,180,14,600,77,55,25,30
665,Maharashtra,19,Tomato,Dhanshree,Summer,180,14,600,35,30,25,30
666,Maharashtra,19,Tomato,Dhanshree,Summer,200,16,700,68,50,25,30
667,Maharashtra,19,Tomato,Dhanshree,Summer,200,16,700,27,25,25,30
668,Maharashtra,19,Tomato,Dhanshree,Summer,220,18,800,59,42,25,30
669,Maharashtra,19,Tomato,Dhanshree,Summer,220,18,800,18,19,25,30
670,Maharashtra,16,Turmeric,Salem,Kharif,100,6,200,599,273,269,70
671,Maharashtra,16,Turmeric,Salem,Kharif,100,6,200,313,231,198,70
672,Maharashtra,16,Turmeric,Salem,Kharif,120,8,300,563,257,215,70
673,Maharashtra,16,Turmeric,Salem,Kharif,120,8,300,295,218,153,70
674,Maharashtra,16,Turmeric,Salem,Kharif,140,10,400,528,242,160,70
675,Maharashtra,16,Turmeric,Salem,Kharif,140,10,400,277,206,108,70
676,Maharashtra,16,Turmeric,Salem,Kharif,160,12,500,492,227,106,70
677,Maharashtra,16,Turmeric,Salem,Kharif,160,12,500,260,193,63,70
678,Maharashtra,16,Turmeric,Salem,Kharif,180,14,600,457,212,51,70
679,Maharashtra,16,Turmeric,Salem,Kharif,180,14,600,242,180,18,70
680,Maharashtra,16,Turmeric,Salem,Kharif,200,16,700,421,197,25,70
681,Maharashtra,16,Turmeric,Salem,Kharif,200,16,700,225,167,25,70
682,Maharashtra,16,Turmeric,Salem,Kharif,220,18,800,385,182,25,70
683,Maharashtra,16,Turmeric,Salem,Kharif,220,18,800,207,154,25,70
684,Maharashtra,16,Chilli,Phule Jyoti,Rabi,100,6,200,297.6,170.6,195.3,7
685,Maharashtra,16,Chilli,Phule Jyoti,Rabi,100,6,200,186.9,141.1,169.4,7
686,Maharashtra,16,Chilli,Phule Jyoti,Rabi,120,8,300,286.8,164.2,165.3,7
687,Maharashtra,16,Chilli,Phule Jyoti,Rabi,120,8,300,178.9,135.2,143.4,7
688,Maharashtra,16,Chilli,Phule Jyoti,Rabi,140,10,400,276,157.9,135.3,7
689,Maharashtra,16,Chilli,Phule Jyoti,Rabi,140,10,400,170.9,129.3,117.4,7
690,Maharashtra,16,Chilli,Phule Jyoti,Rabi,160,12,500,265.2,151.5,105.3,7
691,Maharashtra,16,Chilli,Phule Jyoti,Rabi,160,12,500,162.9,123.3,91.4,7
692,Maharashtra,16,Chilli,Phule Jyoti,Rabi,180,14,600,254.4,145.2,75.3,7
693,Maharashtra,16,Chilli,Phule Jyoti,Rabi,180,14,600,154.9,117.4,65.4,7
694,Maharashtra,16,Chilli,Phule Jyoti,Rabi,200,16,700,243.6,138.9,45.3,7
695,Maharashtra,16,Chilli,Phule Jyoti,Rabi,200,16,700,146.9,111.4,39.4,7
696,Maharashtra,16,Chilli,Phule Jyoti,Rabi,220,18,800,232.8,132.5,15.3,7
697,Maharashtra,16,Chilli,Phule Jyoti,Rabi,220,18,800,138.9,105.5,13.4,7
698,Maharashtra,11,Onion,N020401,Rabi,100,6,200,81,74,52,25
699,Maharashtra,11,Onion,N020401,Rabi,100,6,200,108,94,67,30
700,Maharashtra,11,Onion,N020401,Rabi,120,8,300,70,65,39,25
701,Maharashtra,11,Onion,N020401,Rabi,120,8,300,97,85,54,30
702,Maharashtra,11,Onion,N020401,Rabi,140,10,400,59,57,26,25
703,Maharashtra,11,Onion,N020401,Rabi,140,10,400,86,77,41,30
704,Maharashtra,11,Onion,N020401,Rabi,160,12,500,49,48,25,25
705,Maharashtra,11,Onion,N020401,Rabi,160,12,500,76,68,28,30
706,Maharashtra,11,Onion,N020401,Rabi,180,14,600,38,39,25,25
707,Maharashtra,11,Onion,N020401,Rabi,180,14,600,65,60,25,30
708,Maharashtra,11,Onion,N020401,Rabi,200,16,700,27,30,25,25
709,Maharashtra,11,Onion,N020401,Rabi,200,16,700,54,51,25,30
710,Maharashtra,20,Pigeonpea,ICPL087,Kharif,100,6,200,36,63,67,16
711,Maharashtra,20,Pigeonpea,ICPL087,Kharif,100,6,200,58,86,93,20
712,Maharashtra,20,Pigeonpea,ICPL087,Kharif,120,8,300,25,54,50,16
713,Maharashtra,20,Pigeonpea,ICPL087,Kharif,120,8,300,47,77,76,20
714,Maharashtra,20,Pigeonpea,ICPL087,Kharif,140,10,400,14,44,33,16
715,Maharashtra,20,Pigeonpea,ICPL087,Kharif,140,10,400,37,67,59,20
716,Maharashtra,20,Pigeonpea,ICPL087,Kharif,160,12,500,25,35,16,16
717,Maharashtra,20,Pigeonpea,ICPL087,Kharif,160,12,500,25,58,42,20
718,Maharashtra,20,Pigeonpea,ICPL087,Kharif,180,14,600,25,25,1,16
719,Maharashtra,20,Pigeonpea,ICPL087,Kharif,180,14,600,15,48,25,20
720,Maharashtra,20,Pigeonpea,ICPL087,Kharif,200,16,700,25,16,25,16
721,Maharashtra,20,Pigeonpea,ICPL087,Kharif,200,16,700,25,39,25,20
722,Maharashtra,20,Pigeonpea,ICPL087,Kharif,200,18,800,25,25,25,16
723,Maharashtra,20,Pigeonpea,ICPL087,Kharif,200,18,800,29,25,200,20
724,Madhya Pradesh,0,Rice,IR08,Kharif,100,5,200,125,118,48,30
725,Madhya Pradesh,0,Rice,IR08,Kharif,100,5,200,104,100,38,40
726,Madhya Pradesh,0,Rice,IR08,Kharif,150,10,250,102,95,39,30
727,Madhya Pradesh,0,Rice,IR08,Kharif,150,10,250,81,75,29,40
728,Madhya Pradesh,0,Rice,IR08,Kharif,200,15,300,80,69,30,30
729,Madhya Pradesh,0,Rice,IR08,Kharif,200,15,300,59,51,20,40
730,Madhya Pradesh,0,Rice,IR08,Kharif,250,20,350,60,44,21,30
731,Madhya Pradesh,0,Rice,IR08,Kharif,250,20,350,36,26,11,40
732,Madhya Pradesh,0,Rice,IR08,Kharif,300,25,400,35,20,12,30
733,Madhya Pradesh,0,Rice,IR08,Kharif,300,25,400,14,0,0,40
734,New Delhi,2,Wheat,Generic,Rabi,100,10,100,135,80,65,50
735,New Delhi,2,Wheat,Generic,Rabi,100,10,100,175,110,85,60
736,New Delhi,2,Wheat,Generic,Rabi,125,13,125,125,70,55,50
737,New Delhi,2,Wheat,Generic,Rabi,125,13,125,165,100,75,60
738,New Delhi,2,Wheat,Generic,Rabi,150,15,150,115,60,50,50
739,New Delhi,2,Wheat,Generic,Rabi,150,15,150,155,90,70,60
740,New Delhi,2,Wheat,Generic,Rabi,175,18,175,105,50,40,50
741,New Delhi,2,Wheat,Generic,Rabi,175,18,175,145,80,65,60
742,New Delhi,2,Wheat,Generic,Rabi,200,20,200,95,40,35,50
743,New Delhi,2,Wheat,Generic,Rabi,200,20,200,135,65,55,60
744,New Delhi,2,Wheat,Generic,Rabi,225,23,225,85,30,30,50
745,New Delhi,2,Wheat,Generic,Rabi,225,23,225,120,55,50,60
746,New Delhi,2,Wheat,Generic,Rabi,250,25,250,75,20,20,50
747,New Delhi,2,Wheat,Generic,Rabi,250,25,250,110,45,40,60
748,New Delhi,2,Wheat,Generic,Rabi,275,28,275,65,10,15,50
749,New Delhi,2,Wheat,Generic,Rabi,275,28,275,100,35,35,60
750,New Delhi,2,Wheat,Generic,Rabi,300,30,300,55,10,10,50
751,New Delhi,2,Wheat,Generic,Rabi,300,30,300,90,25,25,60
752,New Delhi,2,Wheat,Generic,Rabi,325,33,325,45,10,10,50
753,New Delhi,2,Wheat,Generic,Rabi,325,33,325,80,15,20,60
754,New Delhi,2,Wheat,Generic,Rabi,350,36,350,35,10,10,50
755,New Delhi,2,Wheat,Generic,Rabi,350,36,350,70,10,10,60
756,New Delhi,2,Wheat,Generic,Rabi,375,38,375,20,10,10,50
757,New Delhi,2,Wheat,Generic,Rabi,375,38,375,60,10,10,60
758,Bihar,21,wheat,Generic,Rabi,120,4,60,0.4,146,115,30
759,Bihar,21,wheat,Generic,Rabi,120,4,60,103,9,206,40
760,Bihar,21,wheat,Generic,Rabi,157,203,12.3,130,6,70,30
761,Bihar,21,wheat,Generic,Rabi,157,203,12.3,0.5,143,108,40
762,Bihar,21,wheat,Generic,Rabi,70,8,203,150,170,11.6,30
763,Bihar,21,wheat,Generic,Rabi,70,8,203,140,8,80,40
764,Bihar,21,wheat,Generic,Rabi,0.6,140,101,37,7,200,30
765,Bihar,21,wheat,Generic,Rabi,0.6,140,101,144,137,10.9,40
766,Bihar,21,wheat,Generic,Rabi,150,10,90,0.7,137,94,30
767,Bihar,21,wheat,Generic,Rabi,150,10,90,10,6,197,40
768,Bihar,21,wheat,Generic,Rabi,137,104,10.2,160,12,100,30
769,Bihar,21,wheat,Generic,Rabi,137,104,10.2,0.8,134,87,40
770,Bihar,21,wheat,Generic,Rabi,10,6,194,130,71,9.5,30
771,Bihar,21,wheat,Generic,Rabi,10,6,194,170,14,110,40
772,Bihar,21,wheat,Generic,Rabi,0.9,131,81,10,5,191,30
773,Bihar,21,wheat,Generic,Rabi,0.9,131,81,123,38,8.8,40
774,Bihar,21,wheat,Generic,Rabi,180,16,120,1,128,74,30
775,Bihar,21,wheat,Generic,Rabi,180,16,120,10,4,188,40
776,Bihar,21,wheat,Generic,Rabi,117,10,8.1,190,18,130,30
777,Bihar,21,wheat,Generic,Rabi,117,10,8.1,1.1,125,67,40
778,Bihar,21,wheat,Generic,Rabi,10,4,185,110,10,7.3,30
779,Bihar,21,wheat,Generic,Rabi,10,4,185,200,20,140,40
780,Bihar,21,wheat,Generic,Rabi,1.2,122,60,10,3,182,30
781,Bihar,21,wheat,Generic,Rabi,1.2,122,60,103,10,6.6,40
782,Bihar,21,wheat,Generic,Rabi,210,22,150,1.3,119,54,30
783,Bihar,21,wheat,Generic,Rabi,210,22,150,10,2,179,40
784,Bihar,21,wheat,Generic,Rabi,96,10,5.9,220,24,160,30
785,Bihar,21,wheat,Generic,Rabi,96,10,5.9,1.4,116,47,40
786,Bihar,21,wheat,Generic,Rabi,10,1,176,89,10,5.2,30
787,Bihar,21,wheat,Generic,Rabi,10,1,176,230,26,170,40
788,Bihar,21,wheat,Generic,Rabi,1.5,113,40,10,1,173,30
789,Bihar,21,wheat,Generic,Rabi,1.5,113,40,83,10,4.5,40
790,Bihar,21,wheat,Generic,Rabi,240,28,180,1.6,110,33,30
791,Bihar,21,wheat,Generic,Rabi,240,28,180,10,0,170,40
792,Bihar,21,wheat,Generic,Rabi,76,10,3.8,250,30,190,30
793,Bihar,21,wheat,Generic,Rabi,76,10,3.8,1.7,107,26,40
794,Bihar,21,wheat,Generic,Rabi,10,0,167,69,10,3.1,30
795,Bihar,21,wheat,Generic,Rabi,10,0,167,260,32,200,40
796,Bihar,21,wheat,Generic,Rabi,1.8,104,20,10,0,164,30
797,Bihar,21,wheat,Generic,Rabi,1.8,104,20,62,10,2.3,40
798,Bihar,21,wheat,Generic,Rabi,270,34,210,1.9,101,15,30
799,Bihar,21,wheat,Generic,Rabi,270,34,210,10,0,161,40
800,Bihar,21,wheat,Generic,Rabi,56,10,1.6,280,36,220,30
801,Bihar,21,wheat,Generic,Rabi,56,10,1.6,2,98,15,40
802,Bihar,21,wheat,Generic,Rabi,10,0,158,49,10,0.9,30
803,Bihar,21,wheat,Generic,Rabi,10,0,158,290,38,230,40
804,Bihar,21,wheat,Generic,Rabi,2.1,95,15,10,0,155,30
805,Bihar,21,wheat,Generic,Rabi,2.1,95,15,42,10,0.2,40
806,Bihar,21,wheat,Generic,Rabi,300,40,240,2.2,92,15,30
807,Bihar,21,wheat,Generic,Rabi,300,40,240,10,0,152,40
808,Bihar,21,Wheat,Generic,Rabi,120,4,60,113,79,53,30
809,Bihar,21,Wheat,Generic,Rabi,120,4,60,165,109,75,40
810,Bihar,21,Wheat,Generic,Rabi,130,6,70,109,75,50,30
811,Bihar,21,Wheat,Generic,Rabi,130,6,70,161,104,73,40
812,Bihar,21,Wheat,Generic,Rabi,140,8,80,106,71,48,30
813,Bihar,21,Wheat,Generic,Rabi,140,8,80,158,100,70,40
814,Bihar,21,Wheat,Generic,Rabi,150,10,90,102,66,45,30
815,Bihar,21,Wheat,Generic,Rabi,150,10,90,154,96,68,40
816,Bihar,21,Wheat,Generic,Rabi,160,12,100,98,62,43,30
817,Bihar,21,Wheat,Generic,Rabi,160,12,100,150,91,65,40
818,Bihar,21,Wheat,Generic,Rabi,170,14,110,95,58,40,30
819,Bihar,21,Wheat,Generic,Rabi,170,14,110,147,87,63,40
820,Bihar,21,Wheat,Generic,Rabi,180,16,120,91,54,38,30
821,Bihar,21,Wheat,Generic,Rabi,180,16,120,143,83,60,40
822,Bihar,21,Wheat,Generic,Rabi,190,18,130,88,49,35,30
823,Bihar,21,Wheat,Generic,Rabi,190,18,130,140,79,58,40
824,Bihar,21,Wheat,Generic,Rabi,200,20,140,84,45,33,30
825,Bihar,21,Wheat,Generic,Rabi,200,20,140,136,74,55,40
826,Bihar,21,Wheat,Generic,Rabi,210,22,150,80,41,30,30
827,Bihar,21,Wheat,Generic,Rabi,210,22,150,132,70,53,40
828,Bihar,21,Wheat,Generic,Rabi,220,24,160,77,36,28,30
829,Bihar,21,Wheat,Generic,Rabi,220,24,160,129,66,50,40
830,Bihar,21,Wheat,Generic,Rabi,230,26,170,73,32,25,30
831,Bihar,21,Wheat,Generic,Rabi,230,26,170,125,61,48,40
832,Bihar,21,Wheat,Generic,Rabi,240,28,180,70,28,23,30
833,Bihar,21,Wheat,Generic,Rabi,240,28,180,122,57,45,40
834,Bihar,21,Wheat,Generic,Rabi,250,30,190,66,23,20,30
835,Bihar,21,Wheat,Generic,Rabi,250,30,190,118,53,43,40
836,Bihar,21,Wheat,Generic,Rabi,260,32,200,62,19,18,30
837,Bihar,21,Wheat,Generic,Rabi,260,32,200,114,48,40,40
838,Bihar,21,Wheat,Generic,Rabi,270,34,210,59,15,15,30
839,Bihar,21,Wheat,Generic,Rabi,270,34,210,111,44,38,40
840,Bihar,21,Wheat,Generic,Rabi,280,36,220,55,11,13,30
841,Bihar,21,Wheat,Generic,Rabi,280,36,220,107,40,35,40
842,Bihar,21,Wheat,Generic,Rabi,290,38,230,52,10,10,30
843,Bihar,21,Wheat,Generic,Rabi,290,38,230,104,36,33,40
844,Bihar,21,Wheat,Generic,Rabi,300,40,240,48,10,10,30
845,Bihar,21,Wheat,Generic,Rabi,300,40,240,100,31,30,40
846,Bihar,21,Wheat,Generic,Rabi,120,4,60,121,74,70,30
847,Bihar,21,Wheat,Generic,Rabi,120,4,60,170,100,106,40
848,Bihar,21,Wheat,Generic,Rabi,130,6,70,119,72,63,30
849,Bihar,21,Wheat,Generic,Rabi,130,6,70,168,98,100,40
850,Bihar,21,Wheat,Generic,Rabi,140,8,80,117,69,57,30
851,Bihar,21,Wheat,Generic,Rabi,140,8,80,166,95,93,40
852,Bihar,21,Wheat,Generic,Rabi,150,10,90,115,67,50,30
853,Bihar,21,Wheat,Generic,Rabi,150,10,90,164,93,87,40
854,Bihar,21,Wheat,Generic,Rabi,160,12,100,112,64,44,30
855,Bihar,21,Wheat,Generic,Rabi,160,12,100,162,91,80,40
856,Bihar,21,Wheat,Generic,Rabi,170,14,110,110,62,37,30
857,Bihar,21,Wheat,Generic,Rabi,170,14,110,159,88,74,40
858,Bihar,21,Wheat,Generic,Rabi,180,16,120,108,60,31,30
859,Bihar,21,Wheat,Generic,Rabi,180,16,120,157,86,67,40
860,Bihar,21,Wheat,Generic,Rabi,190,18,130,106,57,24,30
861,Bihar,21,Wheat,Generic,Rabi,190,18,130,155,84,61,40
862,Bihar,21,Wheat,Generic,Rabi,200,20,140,104,55,18,30
863,Bihar,21,Wheat,Generic,Rabi,200,20,140,153,81,54,40
864,Bihar,21,Wheat,Generic,Rabi,210,22,150,101,53,11,30
865,Bihar,21,Wheat,Generic,Rabi,210,22,150,151,79,48,40
866,Bihar,21,Wheat,Generic,Rabi,220,24,160,99,50,10,30
867,Bihar,21,Wheat,Generic,Rabi,220,24,160,148,76,41,40
868,Bihar,21,Wheat,Generic,Rabi,230,26,170,97,48,10,30
869,Bihar,21,Wheat,Generic,Rabi,230,26,170,146,74,35,40
870,Bihar,21,Wheat,Generic,Rabi,240,28,180,95,46,10,30
871,Bihar,21,Wheat,Generic,Rabi,240,28,180,144,72,28,40
872,Bihar,21,Wheat,Generic,Rabi,250,30,190,93,43,10,30
873,Bihar,21,Wheat,Generic,Rabi,250,30,190,142,69,22,40
874,Bihar,21,Wheat,Generic,Rabi,260,32,200,90,41,10,30
875,Bihar,21,Wheat,Generic,Rabi,260,32,200,140,67,15,40
876,Bihar,21,Wheat,Generic,Rabi,270,34,210,88,38,10,30
877,Bihar,21,Wheat,Generic,Rabi,270,34,210,137,65,10,40
878,Bihar,21,Wheat,Generic,Rabi,280,36,220,86,36,10,30
879,Bihar,21,Wheat,Generic,Rabi,280,36,220,135,62,10,40
880,Bihar,21,Wheat,Generic,Rabi,290,38,230,84,34,10,30
881,Bihar,21,Wheat,Generic,Rabi,290,38,230,133,60,10,40
882,Bihar,21,Wheat,Generic,Rabi,300,40,240,82,31,10,30
883,Bihar,21,Wheat,Generic,Rabi,300,40,240,131,58,10,40
884,Bihar,21,Wheat,Generic,Rabi,120,4,60,94,55,41,40
885,Bihar,21,Wheat,Generic,Rabi,120,4,60,156,75,58,50
886,Bihar,21,Wheat,Generic,Rabi,130,6,70,92,52,40,40
887,Bihar,21,Wheat,Generic,Rabi,130,6,70,154,72,56,50
888,Bihar,21,Wheat,Generic,Rabi,140,8,80,90,49,38,40
889,Bihar,21,Wheat,Generic,Rabi,140,8,80,152,70,55,50
890,Bihar,21,Wheat,Generic,Rabi,150,10,90,87,46,36,40
891,Bihar,21,Wheat,Generic,Rabi,150,10,90,150,67,53,50
892,Bihar,21,Wheat,Generic,Rabi,160,12,100,85,43,35,40
893,Bihar,21,Wheat,Generic,Rabi,160,12,100,147,64,52,50
894,Bihar,21,Wheat,Generic,Rabi,170,14,110,83,40,33,40
895,Bihar,21,Wheat,Generic,Rabi,170,14,110,145,61,50,50
896,Bihar,21,Wheat,Generic,Rabi,180,16,120,80,38,32,40
897,Bihar,21,Wheat,Generic,Rabi,180,16,120,143,58,48,50
898,Bihar,21,Wheat,Generic,Rabi,190,18,130,78,35,30,40
899,Bihar,21,Wheat,Generic,Rabi,190,18,130,140,55,47,50
900,Bihar,21,Wheat,Generic,Rabi,200,20,140,76,32,28,40
901,Bihar,21,Wheat,Generic,Rabi,200,20,140,138,52,45,50
902,Bihar,21,Wheat,Generic,Rabi,210,22,150,74,29,27,40
903,Bihar,21,Wheat,Generic,Rabi,210,22,150,136,49,44,50
904,Bihar,21,Wheat,Generic,Rabi,220,24,160,71,26,25,40
905,Bihar,21,Wheat,Generic,Rabi,220,24,160,133,46,42,50
906,Bihar,21,Wheat,Generic,Rabi,230,26,170,69,23,24,40
907,Bihar,21,Wheat,Generic,Rabi,230,26,170,131,43,40,50
908,Bihar,21,Wheat,Generic,Rabi,240,28,180,67,20,22,40
909,Bihar,21,Wheat,Generic,Rabi,240,28,180,129,40,39,50
910,Bihar,21,Wheat,Generic,Rabi,250,30,190,64,17,20,40
911,Bihar,21,Wheat,Generic,Rabi,250,30,190,127,37,37,50
912,Bihar,21,Wheat,Generic,Rabi,260,32,200,62,14,19,40
913,Bihar,21,Wheat,Generic,Rabi,260,32,200,124,34,36,50
914,Bihar,21,Wheat,Generic,Rabi,270,34,210,60,11,17,40
915,Bihar,21,Wheat,Generic,Rabi,270,34,210,122,32,34,50
916,Bihar,21,Wheat,Generic,Rabi,280,36,220,57,10,16,40
917,Bihar,21,Wheat,Generic,Rabi,280,36,220,120,29,32,50
918,Bihar,21,Wheat,Generic,Rabi,290,38,230,55,10,14,40
919,Bihar,21,Wheat,Generic,Rabi,290,38,230,117,26,31,50
920,Bihar,21,Wheat,Generic,Rabi,300,40,240,53,10,12,40
921,Bihar,21,Wheat,Generic,Rabi,300,40,240,115,23,29,50
922,Jharkhand,22,Wheat,Generic,Rabi,120,4,60,54,52,31,20
923,Jharkhand,22,Wheat,Generic,Rabi,120,4,60,102,82,51,30
924,Jharkhand,22,Wheat,Generic,Rabi,130,6,70,50,49,29,20
925,Jharkhand,22,Wheat,Generic,Rabi,130,6,70,98,78,49,30
926,Jharkhand,22,Wheat,Generic,Rabi,140,8,80,46,46,27,20
927,Jharkhand,22,Wheat,Generic,Rabi,140,8,80,95,75,48,30
928,Jharkhand,22,Wheat,Generic,Rabi,150,10,90,43,43,26,20
929,Jharkhand,22,Wheat,Generic,Rabi,150,10,90,91,72,46,30
930,Jharkhand,22,Wheat,Generic,Rabi,160,12,100,39,39,24,20
931,Jharkhand,22,Wheat,Generic,Rabi,160,12,100,88,69,44,30
932,Jharkhand,22,Wheat,Generic,Rabi,170,14,110,36,36,23,20
933,Jharkhand,22,Wheat,Generic,Rabi,170,14,110,84,65,43,30
934,Jharkhand,22,Wheat,Generic,Rabi,180,16,120,32,33,21,20
935,Jharkhand,22,Wheat,Generic,Rabi,180,16,120,80,62,41,30
936,Jharkhand,22,Wheat,Generic,Rabi,190,18,130,30,29,19,20
937,Jharkhand,22,Wheat,Generic,Rabi,190,18,130,77,59,40,30
938,Jharkhand,22,Wheat,Generic,Rabi,200,20,140,25,26,18,20
939,Jharkhand,22,Wheat,Generic,Rabi,200,20,140,73,56,38,30
940,Jharkhand,22,Wheat,Generic,Rabi,210,22,150,25,23,16,20
941,Jharkhand,22,Wheat,Generic,Rabi,210,22,150,70,52,36,30
942,Jharkhand,22,Wheat,Generic,Rabi,220,24,160,25,20,15,20
943,Jharkhand,22,Wheat,Generic,Rabi,220,24,160,66,49,35,30
944,Jharkhand,22,Wheat,Generic,Rabi,230,26,170,25,16,13,20
945,Jharkhand,22,Wheat,Generic,Rabi,230,26,170,62,46,33,30
946,Jharkhand,22,Wheat,Generic,Rabi,240,28,180,25,15,11,20
947,Jharkhand,22,Wheat,Generic,Rabi,240,28,180,59,43,32,30
948,Jharkhand,22,Wheat,Generic,Rabi,250,30,190,25,15,10,20
949,Jharkhand,22,Wheat,Generic,Rabi,250,30,190,55,39,30,30
950,West Bengal,10,Wheat,UP0262,Rabi,250,5,100,122,53,58,25
951,West Bengal,10,Wheat,UP0262,Rabi,250,5,100,126,63,82,30
952,West Bengal,10,Wheat,UP0262,Rabi,275,10,150,102,51,58,25
953,West Bengal,10,Wheat,UP0262,Rabi,275,10,150,126,62,82,30
954,West Bengal,10,Wheat,UP0262,Rabi,300,15,200,82,50,58,25
955,West Bengal,10,Wheat,UP0262,Rabi,300,15,200,126,61,82,30
956,West Bengal,10,Wheat,UP0262,Rabi,325,20,250,62,49,44,25
957,West Bengal,10,Wheat,UP0262,Rabi,325,20,250,126,60,67,30
958,West Bengal,10,Wheat,UP0262,Rabi,350,25,300,62,48,29,25
959,West Bengal,10,Wheat,UP0262,Rabi,350,25,300,106,59,53,30
960,West Bengal,10,Wheat,UP0262,Rabi,375,30,350,42,47,15,25
961,West Bengal,10,Wheat,UP0262,Rabi,375,30,350,86,58,38,30
962,West Bngal,10,Wheat,PBW0343,Rabi,250,5,100,122,73,89,45
963,West Bngal,10,Wheat,PBW0343,Rabi,250,5,100,137,80,100,50
964,West Bngal,10,Wheat,PBW0343,Rabi,275,10,150,117,72,75,45
965,West Bngal,10,Wheat,PBW0343,Rabi,275,10,150,132,79,86,50
966,West Bngal,10,Wheat,PBW0343,Rabi,300,15,200,113,71,60,45
967,West Bngal,10,Wheat,PBW0343,Rabi,300,15,200,128,78,71,50
968,West Bngal,10,Wheat,PBW0343,Rabi,325,20,250,108,70,46,45
969,West Bngal,10,Wheat,PBW0343,Rabi,325,20,250,123,76,57,50
970,West Bngal,10,Wheat,PBW0343,Rabi,350,25,300,104,69,31,45
971,West Bngal,10,Wheat,PBW0343,Rabi,350,25,300,119,75,42,50
972,West Bngal,10,Wheat,PBW0343,Rabi,375,30,350,99,67,17,45
973,West Bngal,10,Wheat,PBW0343,Rabi,375,30,350,114,74,28,50
974,Rajasthan,2,Wheat,Raj01482,Rabi,110,25,210,144,80,65,25
975,Rajasthan,2,Wheat,Raj01482,Rabi,110,25,210,180,80,70,30
976,Rajasthan,2,Wheat,Raj01482,Rabi,120,30,230,138,62,54,25
977,Rajasthan,2,Wheat,Raj01482,Rabi,120,30,230,180,80,70,30
978,Rajasthan,2,Wheat,Raj01482,Rabi,130,35,250,132,43,43,25
979,Rajasthan,2,Wheat,Raj01482,Rabi,130,35,250,174,78,70,30
980,Rajasthan,2,Wheat,Raj01482,Rabi,140,40,270,125,30,32,25
981,Rajasthan,2,Wheat,Raj01482,Rabi,140,40,270,168,59,68,30
982,Rajasthan,2,Wheat,Raj01482,Rabi,150,45,290,119,30,21,25
983,Rajasthan,2,Wheat,Raj01482,Rabi,150,45,290,162,41,57,30
984,Rajasthan,2,Wheat,Raj01482,Rabi,160,50,310,113,30,20,25
985,Rajasthan,2,Wheat,Raj01482,Rabi,160,50,310,155,30,46,30
986,Rajasthan,2,Wheat,Raj01482,Rabi,170,55,330,106,30,20,25
987,Rajasthan,2,Wheat,Raj01482,Rabi,170,55,330,149,30,35,30
988,Rajasthan,2,Wheat,Raj01482,Rabi,180,60,350,100,30,20,25
989,Rajasthan,2,Wheat,Raj01482,Rabi,180,60,350,143,30,24,30
990,Rajasthan,2,Wheat,Raj03077,Rabi,90,20,210,113,40,38,25
991,Rajasthan,2,Wheat,Raj03077,Rabi,90,20,210,152,56,58,30
992,Rajasthan,2,Wheat,Raj03077,Rabi,100,25,230,106,33,33,25
993,Rajasthan,2,Wheat,Raj03077,Rabi,100,25,230,145,48,53,30
994,Rajasthan,2,Wheat,Raj03077,Rabi,110,30,250,98,25,27,25
995,Rajasthan,2,Wheat,Raj03077,Rabi,110,30,250,137,41,48,30
996,Rajasthan,2,Wheat,Raj03077,Rabi,120,35,270,90,20,22,25
997,Rajasthan,2,Wheat,Raj03077,Rabi,120,35,270,130,33,43,30
998,Rajasthan,2,Wheat,Raj03077,Rabi,130,40,290,83,20,17,25
999,Rajasthan,2,Wheat,Raj03077,Rabi,130,40,290,122,26,37,30
1000,Rajasthan,2,Wheat,Raj03077,Rabi,140,45,310,75,20,15,25
1001,Rajasthan,2,Wheat,Raj03077,Rabi,140,45,310,114,20,32,30
1002,Rajasthan,2,Wheat,Raj03077,Rabi,150,50,330,68,20,15,25
1003,Rajasthan,2,Wheat,Raj03077,Rabi,150,50,330,107,20,27,30
1004,Rajasthan,2,Wheat,Raj03077,Rabi,160,55,350,60,20,15,25
1005,Rajasthan,2,Wheat,Raj03077,Rabi,160,55,350,99,20,22,30
1006,Rajasthan,2,Wheat,Raj03077,Rabi,170,60,370,52,20,15,25
1007,Rajasthan,2,Wheat,Raj03077,Rabi,170,60,370,92,20,17,30
1008,Madhya Padesh,0,Wheat,Narmada04,Rabi,100,5,200,114,111,57,35
1009,Madhya Padesh,0,Wheat,Narmada04,Rabi,100,5,200,136,131,69,40
1010,Madhya Padesh,0,Wheat,Narmada04,Rabi,150,10,250,94,83,49,35
1011,Madhya Padesh,0,Wheat,Narmada04,Rabi,150,10,250,116,103,61,40
1012,Madhya Padesh,0,Wheat,Narmada04,Rabi,200,15,300,74,54,41,35
1013,Madhya Padesh,0,Wheat,Narmada04,Rabi,200,15,300,96,74,53,40
1014,Madhya Padesh,0,Wheat,Narmada04,Rabi,250,20,350,54,25,33,35
1015,Madhya Padesh,0,Wheat,Narmada04,Rabi,250,20,350,76,45,45,40
1016,Madhya Padesh,0,Wheat,Narmada04,Rabi,300,25,400,34,0,25,35
1017,Madhya Padesh,0,Wheat,Narmada04,Rabi,300,25,400,56,17,37,40
1018,Andhra Pradesh,6,Maize,DHM0105,Kharif,150,10,150,108,45,36,40
1019,Andhra Pradesh,6,Maize,DHM0105,Kharif,150,10,150,150,60,51,50
1020,Andhra Pradesh,6,Maize,DHM0105,Kharif,175,15,200,98,37,28,40
1021,Andhra Pradesh,6,Maize,DHM0105,Kharif,175,15,200,140,52,43,50
1022,Andhra Pradesh,6,Maize,DHM0105,Kharif,200,20,250,88,29,20,40
1023,Andhra Pradesh,6,Maize,DHM0105,Kharif,200,20,250,130,44,35,50
1024,Andhra Pradesh,6,Maize,DHM0105,Kharif,225,25,300,78,21,12,40
1025,Andhra Pradesh,6,Maize,DHM0105,Kharif,225,25,300,120,36,27,50
1026,Andhra Pradesh,6,Maize,DHM0105,Kharif,250,30,350,68,14,4,40
1027,Andhra Pradesh,6,Maize,DHM0105,Kharif,250,30,350,110,29,19,50
1028,Andhra Pradesh,6,Maize,DHM0105,Kharif,275,35,400,58,6,0,40
1029,Andhra Pradesh,6,Maize,DHM0105,Kharif,275,35,400,0,90,21,50
1030,Andhra Pradesh,6,Maize,DHM0105,Kharif,11,300,40,450,48,0,40
1031,Andhra Pradesh,6,Maize,DHM0105,Kharif,11,300,40,0,0,80,50
1032,Andhra Pradesh,6,Maize,DHM0101,Rabi,150,10,150,127,82,99,40
1033,Andhra Pradesh,6,Maize,DHM0101,Rabi,150,10,150,167,113,110,50
1034,Andhra Pradesh,6,Maize,DHM0101,Rabi,175,15,200,114,69,84,40
1035,Andhra Pradesh,6,Maize,DHM0101,Rabi,175,15,200,154,90,95,50
1036,Andhra Pradesh,6,Maize,DHM0101,Rabi,200,20,250,102,56,69,40
1037,Andhra Pradesh,6,Maize,DHM0101,Rabi,200,20,250,142,77,80,50
1038,Andhra Pradesh,6,Maize,DHM0101,Rabi,225,25,300,90,43,54,40
1039,Andhra Pradesh,6,Maize,DHM0101,Rabi,225,25,300,130,65,65,50
1040,Andhra Pradesh,6,Maize,DHM0101,Rabi,250,30,350,78,30,39,40
1041,Andhra Pradesh,6,Maize,DHM0101,Rabi,250,30,350,118,52,50,50
1042,Andhra Pradesh,6,Maize,DHM0101,Rabi,275,35,400,65,17,24,40
1043,Andhra Pradesh,6,Maize,DHM0101,Rabi,275,35,400,105,40,35,50
1044,Andhra Pradesh,6,Maize,DHM0101,Rabi,300,40,450,53,0,9,40
1045,Andhra Pradesh,6,Maize,DHM0101,Rabi,300,40,450,93,27,20,50
1046,New Delhi,8,Maize,Generic,Kharif,100,10,100,95,60,40,30
1047,New Delhi,8,Maize,Generic,Kharif,100,10,100,150,100,65,40
1048,New Delhi,8,Maize,Generic,Kharif,125,13,125,90,50,35,30
1049,New Delhi,8,Maize,Generic,Kharif,125,13,125,140,90,60,40
1050,New Delhi,8,Maize,Generic,Kharif,150,15,150,80,40,30,30
1051,New Delhi,8,Maize,Generic,Kharif,150,15,150,130,80,55,40
1052,New Delhi,8,Maize,Generic,Kharif,175,18,175,7,30,30,30
1053,New Delhi,8,Maize,Generic,Kharif,175,18,175,120,70,50,40
1054,New Delhi,8,Maize,Generic,Kharif,200,20,200,60,25,25,30
1055,New Delhi,8,Maize,Generic,Kharif,200,20,200,115,60,45,40
1056,New Delhi,8,Maize,Generic,Kharif,225,23,225,55,15,20,30
1057,New Delhi,8,Maize,Generic,Kharif,225,23,225,105,55,40,40
1058,New Delhi,8,Maize,Generic,Kharif,250,25,250,45,10,15,30
1059,New Delhi,8,Maize,Generic,Kharif,250,25,250,95,45,35,40
1060,New Delhi,8,Maize,Generic,Kharif,275,28,275,35,10,10,30
1061,New Delhi,8,Maize,Generic,Kharif,275,28,275,85,35,35,40
1062,New Delhi,8,Maize,Generic,Kharif,300,30,300,25,10,10,30
1063,New Delhi,8,Maize,Generic,Kharif,300,30,300,80,25,30,40
1064,New Delhi,8,Maize,Generic,Kharif,325,33,325,20,10,10,30
1065,New Delhi,8,Maize,Generic,Kharif,325,33,325,70,15,25,40
1066,New Delhi,8,Maize,Generic,Kharif,350,36,350,15,10,10,30
1067,New Delhi,8,Maize,Generic,Kharif,350,36,350,60,10,20,40
1068,New Delhi,8,Maize,Generic,Kharif,375,38,375,10,10,10,30
1069,New Delhi,8,Maize,Generic,Kharif,375,38,375,50,10,15,40
1070,Bihar,21,Maize,Generic,Kharif,120,4,60,90,69,41,30
1071,Bihar,21,Maize,Generic,Kharif,120,4,60,137,95,61,40
1072,Bihar,21,Maize,Generic,Kharif,130,6,70,85,65,39,30
1073,Bihar,21,Maize,Generic,Kharif,130,6,70,133,91,58,40
1074,Bihar,21,Maize,Generic,Kharif,140,8,80,81,61,36,30
1075,Bihar,21,Maize,Generic,Kharif,140,8,80,128,87,55,40
1076,Bihar,21,Maize,Generic,Kharif,150,10,90,77,56,33,30
1077,Bihar,21,Maize,Generic,Kharif,150,10,90,124,82,52,40
1078,Bihar,21,Maize,Generic,Kharif,160,12,100,73,52,30,30
1079,Bihar,21,Maize,Generic,Kharif,160,12,100,120,78,49,40
1080,Bihar,21,Maize,Generic,Kharif,170,14,110,68,48,27,30
1081,Bihar,21,Maize,Generic,Kharif,170,14,110,115,74,47,40
1082,Bihar,21,Maize,Generic,Kharif,180,16,120,64,44,24,30
1083,Bihar,21,Maize,Generic,Kharif,180,16,120,111,70,44,40
1084,Bihar,21,Maize,Generic,Kharif,190,18,130,60,39,21,30
1085,Bihar,21,Maize,Generic,Kharif,190,18,130,107,65,41,40
1086,Bihar,21,Maize,Generic,Kharif,200,20,140,55,35,18,30
1087,Bihar,21,Maize,Generic,Kharif,200,20,140,102,61,38,40
1088,Bihar,21,Maize,Generic,Kharif,210,22,150,51,31,15,30
1089,Bihar,21,Maize,Generic,Kharif,210,22,150,98,57,35,40
1090,Bihar,21,Maize,Generic,Kharif,220,24,160,47,27,12,30
1091,Bihar,21,Maize,Generic,Kharif,220,24,160,94,52,32,40
1092,Bihar,21,Maize,Generic,Kharif,230,26,170,42,22,10,30
1093,Bihar,21,Maize,Generic,Kharif,230,26,170,90,48,29,40
1094,Bihar,21,Maize,Generic,Kharif,240,28,180,38,18,10,30
1095,Bihar,21,Maize,Generic,Kharif,240,28,180,85,44,26,40
1096,Bihar,21,Maize,Generic,Kharif,250,30,190,34,14,10,30
1097,Bihar,21,Maize,Generic,Kharif,250,30,190,81,40,23,40
1098,Bihar,21,Maize,Generic,Kharif,260,32,200,30,10,10,30
1099,Bihar,21,Maize,Generic,Kharif,260,32,200,77,35,20,40
1100,Bihar,21,Maize,Generic,Kharif,270,34,210,30,10,10,30
1101,Bihar,21,Maize,Generic,Kharif,270,34,210,72,31,18,40
1102,Bihar,21,Maize,Generic,Kharif,280,36,220,30,10,10,30
1103,Bihar,21,Maize,Generic,Kharif,280,36,220,68,27,15,40
1104,Bihar,21,Maize,Generic,Kharif,290,38,230,30,10,10,30
1105,Bihar,21,Maize,Generic,Kharif,290,38,230,64,23,12,40
1106,Bihar,21,Maize,Generic,Kharif,300,40,240,30,10,10,30
1107,Bihar,21,Maize,Generic,Kharif,300,40,240,59,18,10,40
1108,Bihar,21,Maize,Generic,Rabi,120,4,60,140,91,80,50
1109,Bihar,21,Maize,Generic,Rabi,120,4,60,176,112,65,60
1110,Bihar,21,Maize,Generic,Rabi,130,6,70,137,84,76,50
1111,Bihar,21,Maize,Generic,Rabi,130,6,70,173,105,61,60
1112,Bihar,21,Maize,Generic,Rabi,140,8,80,134,76,72,50
1113,Bihar,21,Maize,Generic,Rabi,140,8,80,170,97,57,60
1114,Bihar,21,Maize,Generic,Rabi,150,10,90,131,69,68,50
1115,Bihar,21,Maize,Generic,Rabi,150,10,90,167,90,53,60
1116,Bihar,21,Maize,Generic,Rabi,160,12,100,128,62,64,50
1117,Bihar,21,Maize,Generic,Rabi,160,12,100,163,83,49,60
1118,Bihar,21,Maize,Generic,Rabi,170,14,110,125,55,60,50
1119,Bihar,21,Maize,Generic,Rabi,170,14,110,160,76,45,60
1120,Bihar,21,Maize,Generic,Rabi,180,16,120,122,48,56,50
1121,Bihar,21,Maize,Generic,Rabi,180,16,120,157,69,41,60
1122,Bihar,21,Maize,Generic,Rabi,190,18,130,119,41,52,50
1123,Bihar,21,Maize,Generic,Rabi,190,18,130,154,62,37,60
1124,Bihar,21,Maize,Generic,Rabi,200,20,140,116,34,48,50
1125,Bihar,21,Maize,Generic,Rabi,200,20,140,151,55,33,60
1126,Bihar,21,Maize,Generic,Rabi,210,22,150,112,26,44,50
1127,Bihar,21,Maize,Generic,Rabi,210,22,150,148,47,29,60
1128,Bihar,21,Maize,Generic,Rabi,220,24,160,109,19,39,50
1129,Bihar,21,Maize,Generic,Rabi,220,24,160,145,40,24,60
1130,Bihar,21,Maize,Generic,Rabi,230,26,170,106,15,35,50
1131,Bihar,21,Maize,Generic,Rabi,230,26,170,142,33,20,60
1132,Bihar,21,Maize,Generic,Rabi,240,28,180,103,15,31,50
1133,Bihar,21,Maize,Generic,Rabi,240,28,180,139,26,16,60
1134,Bihar,21,Maize,Generic,Rabi,250,30,190,100,15,27,50
1135,Bihar,21,Maize,Generic,Rabi,250,30,190,136,19,12,60
1136,Bihar,21,Maize,Generic,Rabi,260,32,200,97,15,23,50
1137,Bihar,21,Maize,Generic,Rabi,260,32,200,132,15,10,60
1138,Bihar,21,Maize,Generic,Rabi,270,34,210,94,15,19,50
1139,Bihar,21,Maize,Generic,Rabi,270,34,210,129,15,10,60
1140,Bihar,21,Maize,Generic,Rabi,280,36,220,91,15,15,50
1141,Bihar,21,Maize,Generic,Rabi,280,36,220,126,15,10,60
1142,Bihar,21,Maize,Generic,Rabi,290,38,230,88,15,11,50
1143,Bihar,21,Maize,Generic,Rabi,290,38,230,123,15,10,60
1144,Bihar,21,Maize,Generic,Rabi,300,40,240,85,15,10,50
1145,Bihar,21,Maize,Generic,Rabi,300,40,240,120,15,10,60
1146,Bihar,21,Maize,Rabi Maize,Rabi,120,4,60,132,88,105,50
1147,Bihar,21,Maize,Rabi Maize,Rabi,120,4,60,205,125,158,70
1148,Bihar,21,Maize,Rabi Maize,Rabi,130,6,70,128,85,100,50
1149,Bihar,21,Maize,Rabi Maize,Rabi,130,6,70,201,122,153,70
1150,Bihar,21,Maize,Rabi Maize,Rabi,140,8,80,124,82,95,50
1151,Bihar,21,Maize,Rabi Maize,Rabi,140,8,80,197,119,148,70
1152,Bihar,21,Maize,Rabi Maize,Rabi,150,10,90,120,79,90,50
1153,Bihar,21,Maize,Rabi Maize,Rabi,150,10,90,193,116,143,70
1154,Bihar,21,Maize,Rabi Maize,Rabi,160,12,100,116,76,85,50
1155,Bihar,21,Maize,Rabi Maize,Rabi,160,12,100,189,113,138,70
1156,Bihar,21,Maize,Rabi Maize,Rabi,170,14,110,112,73,80,50
1157,Bihar,21,Maize,Rabi Maize,Rabi,170,14,110,184,110,133,70
1158,Bihar,21,Maize,Rabi Maize,Rabi,180,16,120,108,70,75,50
1159,Bihar,21,Maize,Rabi Maize,Rabi,180,16,120,180,107,128,70
1160,Bihar,21,Maize,Rabi Maize,Rabi,190,18,130,104,66,70,50
1161,Bihar,21,Maize,Rabi Maize,Rabi,190,18,130,176,104,123,70
1162,Bihar,21,Maize,Rabi Maize,Rabi,200,20,140,100,63,65,50
1163,Bihar,21,Maize,Rabi Maize,Rabi,200,20,140,172,101,118,70
1164,Bihar,21,Maize,Rabi Maize,Rabi,210,22,150,95,60,60,50
1165,Bihar,21,Maize,Rabi Maize,Rabi,210,22,150,168,98,113,70
1166,Bihar,21,Maize,Rabi Maize,Rabi,220,24,160,91,57,55,50
1167,Bihar,21,Maize,Rabi Maize,Rabi,220,24,160,164,95,108,70
1168,Bihar,21,Maize,Rabi Maize,Rabi,230,26,170,87,54,50,50
1169,Bihar,21,Maize,Rabi Maize,Rabi,230,26,170,160,92,103,70
1170,Bihar,21,Maize,Rabi Maize,Rabi,240,28,180,83,51,45,50
1171,Bihar,21,Maize,Rabi Maize,Rabi,240,28,180,156,89,98,70
1172,Bihar,21,Maize,Rabi Maize,Rabi,250,30,190,79,48,40,50
1173,Bihar,21,Maize,Rabi Maize,Rabi,250,30,190,152,86,93,70
1174,Bihar,21,Maize,Rabi Maize,Rabi,260,32,200,75,45,35,50
1175,Bihar,21,Maize,Rabi Maize,Rabi,260,32,200,148,83,88,70
1176,Bihar,21,Maize,Rabi Maize,Rabi,270,34,210,71,42,30,50
1177,Bihar,21,Maize,Rabi Maize,Rabi,270,34,210,143,80,83,70
1178,Bihar,21,Maize,Rabi Maize,Rabi,280,36,220,67,39,25,50
1179,Bihar,21,Maize,Rabi Maize,Rabi,280,36,220,139,77,78,70
1180,Bihar,21,Maize,Rabi Maize,Rabi,290,38,230,63,36,20,50
1181,Bihar,21,Maize,Rabi Maize,Rabi,290,38,230,135,73,73,70
1182,Bihar,21,Maize,Rabi Maize,Rabi,300,40,240,59,33,15,50
1183,Bihar,21,Maize,Rabi Maize,Rabi,300,40,240,131,70,68,70
1184,JabalPur,0,Maize,JCM0323,Rabi,100,5,200,118,76,56,35
1185,JabalPur,0,Maize,JCM0323,Rabi,100,5,200,138,88,67,40
1186,JabalPur,0,Maize,JCM0323,Rabi,150,10,250,107,69,52,35
1187,JabalPur,0,Maize,JCM0323,Rabi,150,10,250,127,81,63,40
1188,JabalPur,0,Maize,JCM0323,Rabi,200,15,300,96,62,48,35
1189,JabalPur,0,Maize,JCM0323,Rabi,200,15,300,116,74,59,40
1190,JabalPur,0,Maize,JCM0323,Rabi,250,20,350,85,55,44,35
1191,JabalPur,0,Maize,JCM0323,Rabi,250,20,350,105,67,55,40
1192,JabalPur,0,Maize,JCM0323,Rabi,300,25,400,74,48,40,35
1193,JabalPur,0,Maize,JCM0323,Rabi,300,25,400,94,60,51,40
1194,Rajasthan,2,Barley,RD02508,Rabi,70,20,170,104,118,37,25
1195,Rajasthan,2,Barley,RD02508,Rabi,70,20,170,143,151,69,30
1196,Rajasthan,2,Barley,RD02508,Rabi,90,25,190,85,108,25,25
1197,Rajasthan,2,Barley,RD02508,Rabi,90,25,190,123,141,56,30
1198,Rajasthan,2,Barley,RD02508,Rabi,100,30,210,75,99,15,25
1199,Rajasthan,2,Barley,RD02508,Rabi,100,30,210,113,132,44,30
1200,Rajasthan,2,Barley,RD02508,Rabi,110,35,230,65,89,15,25
1201,Rajasthan,2,Barley,RD02508,Rabi,110,35,230,103,122,31,30
1202,Rajasthan,2,Barley,RD02508,Rabi,120,40,250,55,79,15,25
1203,Rajasthan,2,Barley,RD02508,Rabi,120,40,250,93,112,19,30
1204,Rajasthan,2,Barley,RD02508,Rabi,130,45,270,45,70,15,25
1205,Rajasthan,2,Barley,RD02508,Rabi,130,45,270,83,103,15,30
1206,Rajasthan,2,Barley,RD02508,Rabi,140,50,290,40,60,15,25
1207,Rajasthan,2,Barley,RD02508,Rabi,140,50,290,73,93,15,30
1208,Rajasthan,2,Barley,RD02508,Rabi,150,55,310,40,51,15,25
1209,Rajasthan,2,Barley,RD02508,Rabi,150,55,310,64,84,15,30
1210,Rajasthan,2,Barley,RD02508,Rabi,160,60,330,40,41,15,25
1211,Rajasthan,2,Barley,RD02508,Rabi,160,60,330,54,74,15,30
1212,New Delhi,2,Pearlillet,Generic,Kharif,100,10,100,80,60,40,25
1213,New Delhi,2,Pearlillet,Generic,Kharif,100,10,100,110,80,55,30
1214,New Delhi,2,Pearlillet,Generic,Kharif,125,13,125,75,50,35,25
1215,New Delhi,2,Pearlillet,Generic,Kharif,125,13,125,100,75,40,30
1216,New Delhi,2,Pearlillet,Generic,Kharif,150,15,150,70,45,30,25
1217,New Delhi,2,Pearlillet,Generic,Kharif,150,15,150,95,65,45,30
1218,New Delhi,2,Pearlillet,Generic,Kharif,175,18,175,60,35,30,25
1219,New Delhi,2,Pearlillet,Generic,Kharif,175,18,175,85,60,45,30
1220,New Delhi,2,Pearlillet,Generic,Kharif,200,20,200,55,30,25,25
1221,New Delhi,2,Pearlillet,Generic,Kharif,200,20,200,80,50,40,30
1222,New Delhi,2,Pearlillet,Generic,Kharif,225,23,225,45,20,20,25
1223,New Delhi,2,Pearlillet,Generic,Kharif,225,23,225,70,45,35,30
1224,New Delhi,2,Pearlillet,Generic,Kharif,250,25,250,40,10,15,25
1225,New Delhi,2,Pearlillet,Generic,Kharif,250,25,250,65,40,30,30
1226,New Delhi,2,Pearlillet,Generic,Kharif,275,28,275,30,10,10,25
1227,New Delhi,2,Pearlillet,Generic,Kharif,275,28,275,55,35,25,30
1228,New Delhi,2,Pearlillet,Generic,Kharif,300,30,300,25,10,10,25
1229,New Delhi,2,Pearlillet,Generic,Kharif,300,30,300,45,30,25,30
1230,New Delhi,2,Pearlillet,Generic,Kharif,325,33,325,15,10,10,25
1231,New Delhi,2,Pearlillet,Generic,Kharif,325,33,325,40,25,20,30
1232,New Delhi,2,Pearlillet,Generic,Kharif,350,36,350,10,10,10,25
1233,New Delhi,2,Pearlillet,Generic,Kharif,350,36,350,30,20,15,30
1234,New Delhi,2,Pearlillet,Generic,Kharif,375,38,375,10,10,10,25
1235,New Delhi,2,Pearlillet,Generic,Kharif,375,38,375,25,15,10,30
1236,Rajasthan,2,Bajra,HHB067,Kharif,80,10,170,97,70,56,12
1237,Rajasthan,2,Bajra,HHB067,Kharif,80,10,170,120,70,60,15
1238,Rajasthan,2,Bajra,HHB067,Kharif,90,15,190,94,66,51,12
1239,Rajasthan,2,Bajra,HHB067,Kharif,90,15,190,120,70,60,15
1240,Rajasthan,2,Bajra,HHB067,Kharif,100,20,210,91,52,46,12
1241,Rajasthan,2,Bajra,HHB067,Kharif,100,20,210,120,70,60,15
1242,Rajasthan,2,Bajra,HHB067,Kharif,110,25,230,88,38,41,12
1243,Rajasthan,2,Bajra,HHB067,Kharif,110,25,230,118,65,60,15
1244,Rajasthan,2,Bajra,HHB067,Kharif,120,30,250,85,24,36,12
1245,Rajasthan,2,Bajra,HHB067,Kharif,120,30,250,115,51,60,15
1246,Rajasthan,2,Bajra,HHB067,Kharif,130,35,270,82,20,31,12
1247,Rajasthan,2,Bajra,HHB067,Kharif,130,35,270,112,37,56,15
1248,Rajasthan,2,Bajra,HHB067,Kharif,140,40,290,79,20,26,12
1249,Rajasthan,2,Bajra,HHB067,Kharif,140,40,290,109,23,51,15
1250,Rajasthan,2,Bajra,HHB067,Kharif,150,45,310,76,20,21,12
1251,Rajasthan,2,Bajra,HHB067,Kharif,150,45,310,106,20,46,15
1252,Rajasthan,2,Bajra,HHB067,Kharif,160,50,330,73,20,16,12
1253,Rajasthan,2,Bajra,HHB067,Kharif,160,50,330,103,20,41,15
1254,Andhra Pradesh,23,Cotton,Rainfed Cotton,Kharif,100,5,125,86,79,96,10
1255,Andhra Pradesh,23,Cotton,Rainfed Cotton,Kharif,100,5,125,118,97,123,12
1256,Andhra Pradesh,23,Cotton,Rainfed Cotton,Kharif,110,10,150,79,68,89,10
1257,Andhra Pradesh,23,Cotton,Rainfed Cotton,Kharif,110,10,150,111,87,115,12
1258,Andhra Pradesh,23,Cotton,Rainfed Cotton,Kharif,120,15,175,72,57,81,10
1259,Andhra Pradesh,23,Cotton,Rainfed Cotton,Kharif,120,15,175,104,75,108,12
1260,Andhra Pradesh,23,Cotton,Rainfed Cotton,Kharif,130,20,200,65,47,73,10
1261,Andhra Pradesh,23,Cotton,Rainfed Cotton,Kharif,130,20,200,97,65,100,12
1262,Andhra Pradesh,23,Cotton,Rainfed Cotton,Kharif,140,25,225,58,36,66,10
1263,Andhra Pradesh,23,Cotton,Rainfed Cotton,Kharif,140,25,225,90,54,93,12
1264,Andhra Pradesh,23,Cotton,Rainfed Cotton,Kharif,150,30,250,51,25,58,10
1265,Andhra Pradesh,23,Cotton,Rainfed Cotton,Kharif,150,30,250,83,43,85,12
1266,Andhra Pradesh,23,Cotton,Rainfed Cotton,Kharif,160,35,275,44,14,51,10
1267,Andhra Pradesh,23,Cotton,Rainfed Cotton,Kharif,160,35,275,76,32,77,12
1268,Andhra Pradesh,23,Cotton,Rainfed Cotton,Kharif,170,40,300,37,4*,43,10
1269,Andhra Pradesh,23,Cotton,Rainfed Cotton,Kharif,170,40,300,69,22,70,12
1270,Andhra Pradesh,23,Cotton,Rainfed Cotton,Kharif,180,45,325,30,4*,35,10
1271,Andhra Pradesh,23,Cotton,Rainfed Cotton,Kharif,180,45,325,62,11,62,12
1272,Andhra Pradesh,23,Cotton,Rainfed Cotton,Kharif,190,50,350,23,4*,28,10
1273,Andhra Pradesh,23,Cotton,Rainfed Cotton,Kharif,190,50,350,55,11,55,12
1274,Andhra Pradesh,23,Cotton,Rainfed Cotton,Kharif,200,55,375,16,4*,20,10
1275,Andhra Pradesh,23,Cotton,Rainfed Cotton,Kharif,200,55,375,48,11,47,12
1276,Andhra Pradesh,23,Cotton,Rainfed Cotton,Kharif,210,60,400,9,4*,13,10
1277,Andhra Pradesh,23,Cotton,Rainfed Cotton,Kharif,210,60,400,41,11,39,12
1278,Andhra Pradesh,23,Cotton,Rainfed Cotton,Kharif,220,65,425,2,4*,5,10
1279,Andhra Pradesh,23,Cotton,Rainfed Cotton,Kharif,220,65,425,34,11,32,12
1280,Andhra Pradesh,23,Cotton,Rainfed Cotton,Kharif,230,70,450,2,4*,5,10
1281,Andhra Pradesh,23,Cotton,Rainfed Cotton,Kharif,230,70,450,27,11,24,12
1282,Andhra Pradesh,23,Cotton,Rainfed Cotton,Kharif,240,75,475,2,4*,5,10
1283,Andhra Pradesh,23,Cotton,Rainfed Cotton,Kharif,240,75,475,20,11,17,12
1284,Bikaner,2,Cotton,RS0810,Kharif,90,25,190,91,70,53,18
1285,Bikaner,2,Cotton,RS0810,Kharif,90,25,190,105,70,60,20
1286,Bikaner,2,Cotton,RS0810,Kharif,100,30,210,87,60,46,18
1287,Bikaner,2,Cotton,RS0810,Kharif,100,30,210,101,70,59,20
1288,Bikaner,2,Cotton,RS0810,Kharif,110,35,230,82,49,39,18
1289,Bikaner,2,Cotton,RS0810,Kharif,110,35,230,97,63,52,20
1290,Bikaner,2,Cotton,RS0810,Kharif,120,40,250,78,39,32,18
1291,Bikaner,2,Cotton,RS0810,Kharif,120,40,250,92,52,45,20
1292,Bikaner,2,Cotton,RS0810,Kharif,130,45,270,74,28,26,18
1293,Bikaner,2,Cotton,RS0810,Kharif,130,45,270,88,42,39,20
1294,Bikaner,2,Cotton,RS0810,Kharif,140,50,290,69,20,19,18
1295,Bikaner,2,Cotton,RS0810,Kharif,140,50,290,84,32,32,20
1296,Bikaner,2,Cotton,RS0810,Kharif,150,55,310,65,20,15,18
1297,Bikaner,2,Cotton,RS0810,Kharif,150,55,310,80,21,25,20
1298,Bikaner,2,Cotton,RS0810,Kharif,160,60,330,61,20,15,18
1299,Bikaner,2,Cotton,RS0810,Kharif,160,60,330,75,20,18,20
1300,Bikaner,2,Cotton,RS0810,Kharif,170,65,350,57,20,15,18
1301,Bikaner,2,Cotton,RS0810,Kharif,170,65,350,71,20,15,20
1302,Jabalpur,0,Cotton,JKH01,Complete Year,100,5,200,108,75,43,15
1303,Jabalpur,0,Cotton,JKH01,Complete Year,100,5,200,164,107,66,20
1304,Jabalpur,0,Cotton,JKH01,Complete Year,150,10,250,78,52,36,15
1305,Jabalpur,0,Cotton,JKH01,Complete Year,150,10,250,134,84,59,20
1306,Jabalpur,0,Cotton,JKH01,Complete Year,200,15,300,49,30,29,15
1307,Jabalpur,0,Cotton,JKH01,Complete Year,200,15,300,105,62,52,20
1308,Jabalpur,0,Cotton,JKH01,Complete Year,250,20,350,19,8,22,15
1309,Jabalpur,0,Cotton,JKH01,Complete Year,250,20,350,75,40,45,20
1310,Jabalpur,0,Cotton,JKH01,Complete Year,300,25,400,0,0,15,15
1311,Jabalpur,0,Cotton,JKH01,Complete Year,300,25,400,46,17,37,20
1312,Andhra Pradesh,0,Sugarcane,Co.419,Complete Year,150,10,150,245,97,87,80
1313,Andhra Pradesh,0,Sugarcane,Co.419,Complete Year,150,10,150,353,133,121,100
1314,Andhra Pradesh,0,Sugarcane,Co.419,Complete Year,175,15,200,213,73,70,80
1315,Andhra Pradesh,0,Sugarcane,Co.419,Complete Year,175,15,200,321,109,104,100
1316,Andhra Pradesh,0,Sugarcane,Co.419,Complete Year,200,20,250,182,49,54,80
1317,Andhra Pradesh,0,Sugarcane,Co.419,Complete Year,200,20,250,290,85,88,100
1318,Andhra Pradesh,0,Sugarcane,Co.419,Complete Year,225,25,300,151,26,37,80
1319,Andhra Pradesh,0,Sugarcane,Co.419,Complete Year,225,25,300,259,62,71,100
1320,Andhra Pradesh,0,Sugarcane,Co.419,Complete Year,250,30,350,120,2,21,80
1321,Andhra Pradesh,0,Sugarcane,Co.419,Complete Year,250,30,350,228,38,55,100
1322,Andhra Pradesh,0,Sugarcane,Co.419,Complete Year,275,35,400,88,2,4,80
1323,Andhra Pradesh,0,Sugarcane,Co.419,Complete Year,275,35,400,196,14,38,100
1324,Andhra Pradesh,0,Sugarcane,Co.419,Complete Year,300,40,450,57,2,4,80
1325,Andhra Pradesh,0,Sugarcane,Co.419,Complete Year,300,40,450,165,14,22,100
1326,Andhra Pradesh,0,Sugarcane,Co.419,Complete Year,325,45,500,26,2,4,80
1327,Andhra Pradesh,0,Sugarcane,Co.419,Complete Year,325,45,500,134,14,5,100
1328,Andhra Pradesh,0,Sugarcane,Co.419,Complete Year,350,50,550,26,2,4,80
1329,Andhra Pradesh,0,Sugarcane,Co.419,Complete Year,350,50,550,103,14,5,100
1330,Andhra Pradesh,0,Sugarcane,Co.419,Complete Year,375,55,600,26,2,4,80
1331,Andhra Pradesh,0,Sugarcane,Co.419,Complete Year,375,55,600,71,14,5,100
1332,Andhra Pradesh,0,Sugarcane,Co.419,Complete Year,400,60,650,26,2,4,80
1333,Andhra Pradesh,0,Sugarcane,Co.419,Complete Year,400,60,650,40,14,5,100
1334,Bihar,21,Sugarcane,Sugarcane Main,Complete Year,120,4,60,145,78,61,75
1335,Bihar,21,Sugarcane,Sugarcane Main,Complete Year,120,4,60,204,107,86,100
1336,Bihar,21,Sugarcane,Sugarcane Main,Complete Year,130,6,70,142,75,58,75
1337,Bihar,21,Sugarcane,Sugarcane Main,Complete Year,130,6,70,201,103,84,100
1338,Bihar,21,Sugarcane,Sugarcane Main,Complete Year,140,8,80,139,72,56,75
1339,Bihar,21,Sugarcane,Sugarcane Main,Complete Year,140,8,80,198,100,81,100
1340,Bihar,21,Sugarcane,Sugarcane Main,Complete Year,150,10,90,137,69,53,75
1341,Bihar,21,Sugarcane,Sugarcane Main,Complete Year,150,10,90,196,97,79,100
1342,Bihar,21,Sugarcane,Sugarcane Main,Complete Year,160,12,100,134,66,51,75
1343,Bihar,21,Sugarcane,Sugarcane Main,Complete Year,160,12,100,193,94,76,100
1344,Bihar,21,Sugarcane,Sugarcane Main,Complete Year,170,14,110,131,62,48,75
1345,Bihar,21,Sugarcane,Sugarcane Main,Complete Year,170,14,110,190,91,74,100
1346,Bihar,21,Sugarcane,Sugarcane Main,Complete Year,180,16,120,128,59,46,75
1347,Bihar,21,Sugarcane,Sugarcane Main,Complete Year,180,16,120,187,88,71,100
1348,Bihar,21,Sugarcane,Sugarcane Main,Complete Year,190,18,130,126,56,43,75
1349,Bihar,21,Sugarcane,Sugarcane Main,Complete Year,190,18,130,185,84,69,100
1350,Bihar,21,Sugarcane,Sugarcane Main,Complete Year,200,20,140,123,53,41,75
1351,Bihar,21,Sugarcane,Sugarcane Main,Complete Year,200,20,140,182,81,66,100
1352,Bihar,21,Sugarcane,Sugarcane Main,Complete Year,210,22,150,120,50,38,75
1353,Bihar,21,Sugarcane,Sugarcane Main,Complete Year,210,22,150,179,78,64,100
1354,Bihar,21,Sugarcane,Sugarcane Main,Complete Year,220,24,160,118,47,36,75
1355,Bihar,21,Sugarcane,Sugarcane Main,Complete Year,220,24,160,177,75,61,100
1356,Bihar,21,Sugarcane,Sugarcane Main,Complete Year,230,26,170,115,43,33,75
1357,Bihar,21,Sugarcane,Sugarcane Main,Complete Year,230,26,170,174,72,59,100
1358,Bihar,21,Sugarcane,Sugarcane Main,Complete Year,240,28,180,112,40,31,75
1359,Bihar,21,Sugarcane,Sugarcane Main,Complete Year,240,28,180,171,68,56,100
1360,Bihar,21,Sugarcane,Sugarcane Main,Complete Year,250,30,190,110,37,30,75
1361,Bihar,21,Sugarcane,Sugarcane Main,Complete Year,250,30,190,169,65,54,100
1362,Bihar,21,Sugarcane,Sugarcane Main,Complete Year,260,32,200,107,34,30,75
1363,Bihar,21,Sugarcane,Sugarcane Main,Complete Year,260,32,200,166,62,51,100
1364,Bihar,21,Sugarcane,Sugarcane Main,Complete Year,270,34,210,104,31,30,75
1365,Bihar,21,Sugarcane,Sugarcane Main,Complete Year,270,34,210,163,59,49,100
1366,Bihar,21,Sugarcane,Sugarcane Main,Complete Year,280,36,220,101,28,30,75
1367,Bihar,21,Sugarcane,Sugarcane Main,Complete Year,280,36,220,160,56,46,100
1368,Bihar,21,Sugarcane,Sugarcane Main,Complete Year,290,38,230,99,24,30,75
1369,Bihar,21,Sugarcane,Sugarcane Main,Complete Year,290,38,230,158,53,44,100
1370,Bihar,21,Sugarcane,Sugarcane Main,Complete Year,300,40,240,96,21,30,75
1371,Bihar,21,Sugarcane,Sugarcane Main,Complete Year,300,40,240,155,49,41,100
1372,Bihar,21,Sugarcane,Ratoon,Complete Year,120,4,60,161,84,70,75
1373,Bihar,21,Sugarcane,Ratoon,Complete Year,120,4,60,226,114,97,100
1374,Bihar,21,Sugarcane,Ratoon,Complete Year,130,6,70,158,81,68,75
1375,Bihar,21,Sugarcane,Ratoon,Complete Year,130,6,70,223,111,95,100
1376,Bihar,21,Sugarcane,Ratoon,Complete Year,140,8,80,155,78,66,75
1377,Bihar,21,Sugarcane,Ratoon,Complete Year,140,8,80,220,108,93,100
1378,Bihar,21,Sugarcane,Ratoon,Complete Year,150,10,90,152,75,64,75
1379,Bihar,21,Sugarcane,Ratoon,Complete Year,150,10,90,218,105,91,100
1380,Bihar,21,Sugarcane,Ratoon,Complete Year,160,12,100,149,72,62,75
1381,Bihar,21,Sugarcane,Ratoon,Complete Year,160,12,100,215,102,89,100
1382,Bihar,21,Sugarcane,Ratoon,Complete Year,170,14,110,146,69,60,75
1383,Bihar,21,Sugarcane,Ratoon,Complete Year,170,14,110,212,99,87,100
1384,Bihar,21,Sugarcane,Ratoon,Complete Year,180,16,120,144,66,58,75
1385,Bihar,21,Sugarcane,Ratoon,Complete Year,180,16,120,209,96,85,100
1386,Bihar,21,Sugarcane,Ratoon,Complete Year,190,18,130,141,63,56,75
1387,Bihar,21,Sugarcane,Ratoon,Complete Year,190,18,130,206,93,83,100
1388,Bihar,21,Sugarcane,Ratoon,Complete Year,200,20,140,138,60,54,75
1389,Bihar,21,Sugarcane,Ratoon,Complete Year,200,20,140,203,90,81,100
1390,Bihar,21,Sugarcane,Ratoon,Complete Year,210,22,150,135,57,53,75
1391,Bihar,21,Sugarcane,Ratoon,Complete Year,210,22,150,200,87,80,100
1392,Bihar,21,Sugarcane,Ratoon,Complete Year,220,24,160,132,54,51,75
1393,Bihar,21,Sugarcane,Ratoon,Complete Year,220,24,160,197,84,78,100
1394,Bihar,21,Sugarcane,Ratoon,Complete Year,230,26,170,129,51,49,75
1395,Bihar,21,Sugarcane,Ratoon,Complete Year,230,26,170,194,81,76,100
1396,Bihar,21,Sugarcane,Ratoon,Complete Year,240,28,180,126,48,47,75
1397,Bihar,21,Sugarcane,Ratoon,Complete Year,240,28,180,191,78,74,100
1398,Bihar,21,Sugarcane,Ratoon,Complete Year,250,30,190,123,45,45,75
1399,Bihar,21,Sugarcane,Ratoon,Complete Year,250,30,190,189,75,72,100
1400,Bihar,21,Sugarcane,Ratoon,Complete Year,260,32,200,120,42,43,75
1401,Bihar,21,Sugarcane,Ratoon,Complete Year,260,32,200,186,72,70,100
1402,Bihar,21,Sugarcane,Ratoon,Complete Year,270,34,210,117,39,41,75
1403,Bihar,21,Sugarcane,Ratoon,Complete Year,270,34,210,183,69,68,100
1404,Bihar,21,Sugarcane,Ratoon,Complete Year,280,36,220,115,36,39,75
1405,Bihar,21,Sugarcane,Ratoon,Complete Year,280,36,220,180,66,66,100
1406,Bihar,21,Sugarcane,Ratoon,Complete Year,290,38,230,112,33,37,75
1407,Bihar,21,Sugarcane,Ratoon,Complete Year,290,38,230,177,63,64,100
1408,Bihar,21,Sugarcane,Ratoon,Complete Year,300,40,240,109,30,35,75
1409,Bihar,21,Sugarcane,Ratoon,Complete Year,300,40,240,174,60,62,100
1410,Jabalpur,0,Sugarcane,CO01307,Complete Year,100,5,200,519,215,86,12
1411,Jabalpur,0,Sugarcane,CO01307,Complete Year,100,5,200,633,260,118,14
1412,Jabalpur,0,Sugarcane,CO01307,Complete Year,150,10,250,353,98,33,12
1413,Jabalpur,0,Sugarcane,CO01307,Complete Year,150,10,250,467,143,65,14
1414,Jabalpur,0,Sugarcane,CO01307,Complete Year,200,15,300,270,39,6,12
1415,Jabalpur,0,Sugarcane,CO01307,Complete Year,200,15,300,384,84,38,14
1416,Jabalpur,0,Sugarcane,CO01307,Complete Year,250,20,350,187,0,0,12
1417,Jabalpur,0,Sugarcane,CO01307,Complete Year,250,20,350,301,26,12,14
1418,Jabalpur,0,Sugarcane,CO01307,Complete Year,300,25,400,104,0,0,12
1419,Jabalpur,0,Sugarcane,CO01307,Complete Year,300,25,400,218,0,0,14
1420,Bikaner,2,Groundnut,M013,Kharif,80,10,170,38,50,41,35
1421,Bikaner,2,Groundnut,M013,Kharif,80,10,170,47,61,53,40
1422,Bikaner,2,Groundnut,M013,Kharif,90,15,190,35,43,36,35
1423,Bikaner,2,Groundnut,M013,Kharif,90,15,190,44,53,49,40
1424,Bikaner,2,Groundnut,M013,Kharif,100,20,210,32,35,32,35
1425,Bikaner,2,Groundnut,M013,Kharif,100,20,210,42,46,44,40
1426,Bikaner,2,Groundnut,M013,Kharif,110,25,230,30,28,28,35
1427,Bikaner,2,Groundnut,M013,Kharif,110,25,230,39,38,40,40
1428,Bikaner,2,Groundnut,M013,Kharif,120,30,250,27,21,23,35
1429,Bikaner,2,Groundnut,M013,Kharif,120,30,250,36,31,35,40
1430,Bikaner,2,Groundnut,M013,Kharif,130,35,270,25,20,19,35
1431,Bikaner,2,Groundnut,M013,Kharif,130,35,270,34,24,31,40
1432,Bikaner,2,Groundnut,M013,Kharif,140,40,290,22,20,14,35
1433,Bikaner,2,Groundnut,M013,Kharif,140,40,290,31,20,27,40
1434,Bikaner,2,Groundnut,M013,Kharif,150,45,310,19,20,10,35
1435,Bikaner,2,Groundnut,M013,Kharif,150,45,310,29,20,22,40
1436,Bikaner,2,Groundnut,M013,Kharif,160,50,330,17,20,10,35
1437,Bikaner,2,Groundnut,M013,Kharif,160,50,330,26,20,18,40
1438,Bikaner,2,Mustard,T059,Rabi,90,20,190,132,63,60,8
1439,Bikaner,2,Mustard,T059,Rabi,90,20,190,160,107,103,10
1440,Bikaner,2,Mustard,T059,Rabi,100,25,210,122,35,48,8
1441,Bikaner,2,Mustard,T059,Rabi,100,25,210,160,79,92,10
1442,Bikaner,2,Mustard,T059,Rabi,110,30,230,112,30,37,8
1443,Bikaner,2,Mustard,T059,Rabi,110,30,230,160,50,80,10
1444,Bikaner,2,Mustard,T059,Rabi,120,35,250,103,30,25,8
1445,Bikaner,2,Mustard,T059,Rabi,120,35,250,157,30,68,10
1446,Bikaner,2,Mustard,T059,Rabi,130,40,270,93,30,20,8
1447,Bikaner,2,Mustard,T059,Rabi,130,40,270,148,30,56,10
1448,Bikaner,2,Mustard,T059,Rabi,140,45,290,84,30,20,8
1449,Bikaner,2,Mustard,T059,Rabi,140,45,290,138,30,44,10
1450,Bikaner,2,Mustard,T059,Rabi,150,50,310,74,30,20,8
1451,Bikaner,2,Mustard,T059,Rabi,150,50,310,129,30,33,10
1452,Bikaner,2,Mustard,T059,Rabi,160,55,330,64,30,20,8
1453,Bikaner,2,Mustard,T059,Rabi,160,55,330,119,30,21,10
1454,Jabalpur,0,Mustard,Generic,Rabi,100,5,200,72,39,30,10
1455,Jabalpur,0,Mustard,Generic,Rabi,100,5,200,109,54,49,16
1456,Jabalpur,0,Mustard,Generic,Rabi,150,10,250,53,35,23,10
1457,Jabalpur,0,Mustard,Generic,Rabi,150,10,250,90,50,42,16
1458,Jabalpur,0,Mustard,Generic,Rabi,200,15,300,35,32,17,10
1459,Jabalpur,0,Mustard,Generic,Rabi,200,15,300,72,47,36,16
1460,Jabalpur,0,Mustard,Generic,Rabi,250,20,350,16,28,10,10
1461,Jabalpur,0,Mustard,Generic,Rabi,250,20,350,53,43,29,16
1462,Jabalpur,0,Mustard,Generic,Rabi,300,25,400,0,24,0,10
1463,Jabalpur,0,Mustard,Generic,Rabi,300,25,400,35,39,23,16
